Workbook

Sheet 📊 Dati BIA
B2: BUSINESS IMPACT ANALYSIS — VARIABILI DI RISCHIO
B3: Inserisci i valori di ogni variabile: nominale (baseline), minimo (scenario peggiore) e massimo (scenario migliore)
B5: VARIABILE DI RISCHIO | C5: CATEGORIA | D5: UNITÀ | E5: VALORE NOMINALE (Baseline) | F5: SCENARIO PEGGIORE (Min) | G5: SCENARIO MIGLIORE (Max) | H5: IMPATTO MIN vs Baseline | I5: IMPATTO MAX vs Baseline | J5: VARIAZIONE TOTALE (Max-Min) | K5: PRIORITÀ RISCHIO | L5: NOTE / FONTE
B6: Tempo di ripristino sistemi IT | C6: Infrastruttura | D6: ore | E6: 24 | F6: 72 | G6: 8 | H6: =F6-E6 -> 48 | I6: =G6-E6 -> -16 | J6: =ABS(H6)+ABS(I6) -> 64 | K6: =RANK(J6,J6:J15,0) -> 7 | L6: RTO attuale: 24h — target: 8h
B7: Perdita di ricavi giornalieri | C7: Finanziario | D7: € migliaia | E7: 150 | F7: 320 | G7: 60 | H7: =F7-E7 -> 170 | I7: =G7-E7 -> -90 | J7: =ABS(H7)+ABS(I7) -> 260 | K7: =RANK(J7,J6:J15,0) -> 3 | L7: Stima basata su fatturato medio
B8: Costi di recupero dati | C8: Finanziario | D8: € migliaia | E8: 45 | F8: 120 | G8: 20 | H8: =F8-E8 -> 75 | I8: =G8-E8 -> -25 | J8: =ABS(H8)+ABS(I8) -> 100 | K8: =RANK(J8,J6:J15,0) -> 4 | L8: Include cloud restore + consulenza
B9: Numero clienti impattati | C9: Clienti | D9: unità | E9: 500 | F9: 1800 | G9: 100 | H9: =F9-E9 -> 1300 | I9: =G9-E9 -> -400 | J9: =ABS(H9)+ABS(I9) -> 1700 | K9: =RANK(J9,J6:J15,0) -> 1 | L9: Clienti attivi con SLA critico
B10: Ore lavoro perse (dipendenti) | C10: Operativo | D10: ore FTE | E10: 160 | F10: 480 | G10: 40 | H10: =F10-E10 -> 320 | I10: =G10-E10 -> -120 | J10: =ABS(H10)+ABS(I10) -> 440 | K10: =RANK(J10,J6:J15,0) -> 2 | L10: Basato su 80 dipendenti × 2h/gg
B11: Penali contrattuali SLA | C11: Legale | D11: € migliaia | E11: 10 | F11: 80 | G11: 0 | H11: =F11-E11 -> 70 | I11: =G11-E11 -> -10 | J11: =ABS(H11)+ABS(I11) -> 80 | K11: =RANK(J11,J6:J15,0) -> 5 | L11: Contratti con clausole penali > 5h
B12: Durata interruzione supply chain | C12: Operativo | D12: giorni | E12: 3 | F12: 7 | G12: 1 | H12: =F12-E12 -> 4 | I12: =G12-E12 -> -2 | J12: =ABS(H12)+ABS(I12) -> 6 | K12: =RANK(J12,J6:J15,0) -> 10 | L12: Stima per rottura fornitore tier-1
B13: Costo risposta all'incidente | C13: Finanziario | D13: € migliaia | E13: 25 | F13: 75 | G13: 10 | H13: =F13-E13 -> 50 | I13: =G13-E13 -> -15 | J13: =ABS(H13)+ABS(I13) -> 65 | K13: =RANK(J13,J6:J15,0) -> 6 | L13: Team IR interno + eventuali forensics
B14: Impatto reputazionale (NPS drop) | C14: Clienti | D14: punti NPS | E14: -5 | F14: -18 | G14: -1 | H14: =F14-E14 -> -13 | I14: =G14-E14 -> 4 | J14: =ABS(H14)+ABS(I14) -> 17 | K14: =RANK(J14,J6:J15,0) -> 9 | L14: Stima da survey post-incidente
B15: Costi di conformità/notifica GDPR | C15: Legale/Compliance | D15: € migliaia | E15: 8 | F15: 50 | G15: 2 | H15: =F15-E15 -> 42 | I15: =G15-E15 -> -6 | J15: =ABS(H15)+ABS(I15) -> 48 | K15: =RANK(J15,J6:J15,0) -> 8 | L15: Art. 33-34 GDPR — notifiche obbligatorie
B16: TOTALE IMPATTO CUMULATO | E16: =SUM(E6:E15) -> 920 | F16: =SUM(F6:F15) -> 2986 | G16: =SUM(G6:G15) -> 240 | H16: =SUM(H6:H15) -> 2066 | I16: =SUM(I6:I15) -> -680 | J16: =SUM(J6:J15) -> 2780

Sheet ⚙️ Calcoli Tornado
B2: CALCOLI TORNADO — DATI ORDINATI PER IMPATTO DECRESCENTE
B3: ⚠️ Questi dati alimentano il grafico. Non modificare manualmente — aggiorna sempre il foglio 'Dati BIA'.
B5: VARIABILE (ordinata per impatto) | C5: CATEGORIA | D5: UNITÀ | E5: BASELINE (Nominale) | F5: IMPATTO SCENARIO PEGGIORE | G5: IMPATTO SCENARIO MIGLIORE | H5: VARIAZIONE TOTALE | I5: RANK | J5: BARRA SX (Scenario Peggiore) | K5: BARRA DX (Scenario Migliore)
B6: =IFERROR(INDEX('📊 Dati BIA'!B6:B15,MATCH(LARGE('📊 Dati BIA'!J6:J15,1),'📊 Dati BIA'!J6:J15,0)),"") -> Numero clienti impattati | C6: =IFERROR(INDEX('📊 Dati BIA'!C6:C15,MATCH(LARGE('📊 Dati BIA'!J6:J15,1),'📊 Dati BIA'!J6:J15,0)),"") -> Clienti | D6: =IFERROR(INDEX('📊 Dati BIA'!D6:D15,MATCH(LARGE('📊 Dati BIA'!J6:J15,1),'📊 Dati BIA'!J6:J15,0)),"") -> unità | E6: =IFERROR(INDEX('📊 Dati BIA'!E6:E15,MATCH(LARGE('📊 Dati BIA'!J6:J15,1),'📊 Dati BIA'!J6:J15,0)),"") -> 500 | F6: =IFERROR(INDEX('📊 Dati BIA'!H6:H15,MATCH(LARGE('📊 Dati BIA'!J6:J15,1),'📊 Dati BIA'!J6:J15,0)),"") -> 1300 | G6: =IFERROR(INDEX('📊 Dati BIA'!I6:I15,MATCH(LARGE('📊 Dati BIA'!J6:J15,1),'📊 Dati BIA'!J6:J15,0)),"") -> -400 | H6: =IFERROR(INDEX('📊 Dati BIA'!J6:J15,MATCH(LARGE('📊 Dati BIA'!J6:J15,1),'📊 Dati BIA'!J6:J15,0)),"") -> 1700 | I6: 1 | J6: =IF(ISNUMBER(F6),F6,0) -> 1300 | K6: =IF(ISNUMBER(G6),G6,0) -> -400
B7: =IFERROR(INDEX('📊 Dati BIA'!B6:B15,MATCH(LARGE('📊 Dati BIA'!J6:J15,2),'📊 Dati BIA'!J6:J15,0)),"") -> Ore lavoro perse (dipendenti) | C7: =IFERROR(INDEX('📊 Dati BIA'!C6:C15,MATCH(LARGE('📊 Dati BIA'!J6:J15,2),'📊 Dati BIA'!J6:J15,0)),"") -> Operativo | D7: =IFERROR(INDEX('📊 Dati BIA'!D6:D15,MATCH(LARGE('📊 Dati BIA'!J6:J15,2),'📊 Dati BIA'!J6:J15,0)),"") -> ore FTE | E7: =IFERROR(INDEX('📊 Dati BIA'!E6:E15,MATCH(LARGE('📊 Dati BIA'!J6:J15,2),'📊 Dati BIA'!J6:J15,0)),"") -> 160 | F7: =IFERROR(INDEX('📊 Dati BIA'!H6:H15,MATCH(LARGE('📊 Dati BIA'!J6:J15,2),'📊 Dati BIA'!J6:J15,0)),"") -> 320 | G7: =IFERROR(INDEX('📊 Dati BIA'!I6:I15,MATCH(LARGE('📊 Dati BIA'!J6:J15,2),'📊 Dati BIA'!J6:J15,0)),"") -> -120 | H7: =IFERROR(INDEX('📊 Dati BIA'!J6:J15,MATCH(LARGE('📊 Dati BIA'!J6:J15,2),'📊 Dati BIA'!J6:J15,0)),"") -> 440 | I7: 2 | J7: =IF(ISNUMBER(F7),F7,0) -> 320 | K7: =IF(ISNUMBER(G7),G7,0) -> -120
B8: =IFERROR(INDEX('📊 Dati BIA'!B6:B15,MATCH(LARGE('📊 Dati BIA'!J6:J15,3),'📊 Dati BIA'!J6:J15,0)),"") -> Perdita di ricavi giornalieri | C8: =IFERROR(INDEX('📊 Dati BIA'!C6:C15,MATCH(LARGE('📊 Dati BIA'!J6:J15,3),'📊 Dati BIA'!J6:J15,0)),"") -> Finanziario | D8: =IFERROR(INDEX('📊 Dati BIA'!D6:D15,MATCH(LARGE('📊 Dati BIA'!J6:J15,3),'📊 Dati BIA'!J6:J15,0)),"") -> € migliaia | E8: =IFERROR(INDEX('📊 Dati BIA'!E6:E15,MATCH(LARGE('📊 Dati BIA'!J6:J15,3),'📊 Dati BIA'!J6:J15,0)),"") -> 150 | F8: =IFERROR(INDEX('📊 Dati BIA'!H6:H15,MATCH(LARGE('📊 Dati BIA'!J6:J15,3),'📊 Dati BIA'!J6:J15,0)),"") -> 170 | G8: =IFERROR(INDEX('📊 Dati BIA'!I6:I15,MATCH(LARGE('📊 Dati BIA'!J6:J15,3),'📊 Dati BIA'!J6:J15,0)),"") -> -90 | H8: =IFERROR(INDEX('📊 Dati BIA'!J6:J15,MATCH(LARGE('📊 Dati BIA'!J6:J15,3),'📊 Dati BIA'!J6:J15,0)),"") -> 260 | I8: 3 | J8: =IF(ISNUMBER(F8),F8,0) -> 170 | K8: =IF(ISNUMBER(G8),G8,0) -> -90
B9: =IFERROR(INDEX('📊 Dati BIA'!B6:B15,MATCH(LARGE('📊 Dati BIA'!J6:J15,4),'📊 Dati BIA'!J6:J15,0)),"") -> Costi di recupero dati | C9: =IFERROR(INDEX('📊 Dati BIA'!C6:C15,MATCH(LARGE('📊 Dati BIA'!J6:J15,4),'📊 Dati BIA'!J6:J15,0)),"") -> Finanziario | D9: =IFERROR(INDEX('📊 Dati BIA'!D6:D15,MATCH(LARGE('📊 Dati BIA'!J6:J15,4),'📊 Dati BIA'!J6:J15,0)),"") -> € migliaia | E9: =IFERROR(INDEX('📊 Dati BIA'!E6:E15,MATCH(LARGE('📊 Dati BIA'!J6:J15,4),'📊 Dati BIA'!J6:J15,0)),"") -> 45 | F9: =IFERROR(INDEX('📊 Dati BIA'!H6:H15,MATCH(LARGE('📊 Dati BIA'!J6:J15,4),'📊 Dati BIA'!J6:J15,0)),"") -> 75 | G9: =IFERROR(INDEX('📊 Dati BIA'!I6:I15,MATCH(LARGE('📊 Dati BIA'!J6:J15,4),'📊 Dati BIA'!J6:J15,0)),"") -> -25 | H9: =IFERROR(INDEX('📊 Dati BIA'!J6:J15,MATCH(LARGE('📊 Dati BIA'!J6:J15,4),'📊 Dati BIA'!J6:J15,0)),"") -> 100 | I9: 4 | J9: =IF(ISNUMBER(F9),F9,0) -> 75 | K9: =IF(ISNUMBER(G9),G9,0) -> -25
B10: =IFERROR(INDEX('📊 Dati BIA'!B6:B15,MATCH(LARGE('📊 Dati BIA'!J6:J15,5),'📊 Dati BIA'!J6:J15,0)),"") -> Penali contrattuali SLA | C10: =IFERROR(INDEX('📊 Dati BIA'!C6:C15,MATCH(LARGE('📊 Dati BIA'!J6:J15,5),'📊 Dati BIA'!J6:J15,0)),"") -> Legale | D10: =IFERROR(INDEX('📊 Dati BIA'!D6:D15,MATCH(LARGE('📊 Dati BIA'!J6:J15,5),'📊 Dati BIA'!J6:J15,0)),"") -> € migliaia | E10: =IFERROR(INDEX('📊 Dati BIA'!E6:E15,MATCH(LARGE('📊 Dati BIA'!J6:J15,5),'📊 Dati BIA'!J6:J15,0)),"") -> 10 | F10: =IFERROR(INDEX('📊 Dati BIA'!H6:H15,MATCH(LARGE('📊 Dati BIA'!J6:J15,5),'📊 Dati BIA'!J6:J15,0)),"") -> 70 | G10: =IFERROR(INDEX('📊 Dati BIA'!I6:I15,MATCH(LARGE('📊 Dati BIA'!J6:J15,5),'📊 Dati BIA'!J6:J15,0)),"") -> -10 | H10: =IFERROR(INDEX('📊 Dati BIA'!J6:J15,MATCH(LARGE('📊 Dati BIA'!J6:J15,5),'📊 Dati BIA'!J6:J15,0)),"") -> 80 | I10: 5 | J10: =IF(ISNUMBER(F10),F10,0) -> 70 | K10: =IF(ISNUMBER(G10),G10,0) -> -10
B11: =IFERROR(INDEX('📊 Dati BIA'!B6:B15,MATCH(LARGE('📊 Dati BIA'!J6:J15,6),'📊 Dati BIA'!J6:J15,0)),"") -> Costo risposta all'incidente | C11: =IFERROR(INDEX('📊 Dati BIA'!C6:C15,MATCH(LARGE('📊 Dati BIA'!J6:J15,6),'📊 Dati BIA'!J6:J15,0)),"") -> Finanziario | D11: =IFERROR(INDEX('📊 Dati BIA'!D6:D15,MATCH(LARGE('📊 Dati BIA'!J6:J15,6),'📊 Dati BIA'!J6:J15,0)),"") -> € migliaia | E11: =IFERROR(INDEX('📊 Dati BIA'!E6:E15,MATCH(LARGE('📊 Dati BIA'!J6:J15,6),'📊 Dati BIA'!J6:J15,0)),"") -> 25 | F11: =IFERROR(INDEX('📊 Dati BIA'!H6:H15,MATCH(LARGE('📊 Dati BIA'!J6:J15,6),'📊 Dati BIA'!J6:J15,0)),"") -> 50 | G11: =IFERROR(INDEX('📊 Dati BIA'!I6:I15,MATCH(LARGE('📊 Dati BIA'!J6:J15,6),'📊 Dati BIA'!J6:J15,0)),"") -> -15 | H11: =IFERROR(INDEX('📊 Dati BIA'!J6:J15,MATCH(LARGE('📊 Dati BIA'!J6:J15,6),'📊 Dati BIA'!J6:J15,0)),"") -> 65 | I11: 6 | J11: =IF(ISNUMBER(F11),F11,0) -> 50 | K11: =IF(ISNUMBER(G11),G11,0) -> -15
B12: =IFERROR(INDEX('📊 Dati BIA'!B6:B15,MATCH(LARGE('📊 Dati BIA'!J6:J15,7),'📊 Dati BIA'!J6:J15,0)),"") -> Tempo di ripristino sistemi IT | C12: =IFERROR(INDEX('📊 Dati BIA'!C6:C15,MATCH(LARGE('📊 Dati BIA'!J6:J15,7),'📊 Dati BIA'!J6:J15,0)),"") -> Infrastruttura | D12: =IFERROR(INDEX('📊 Dati BIA'!D6:D15,MATCH(LARGE('📊 Dati BIA'!J6:J15,7),'📊 Dati BIA'!J6:J15,0)),"") -> ore | E12: =IFERROR(INDEX('📊 Dati BIA'!E6:E15,MATCH(LARGE('📊 Dati BIA'!J6:J15,7),'📊 Dati BIA'!J6:J15,0)),"") -> 24 | F12: =IFERROR(INDEX('📊 Dati BIA'!H6:H15,MATCH(LARGE('📊 Dati BIA'!J6:J15,7),'📊 Dati BIA'!J6:J15,0)),"") -> 48 | G12: =IFERROR(INDEX('📊 Dati BIA'!I6:I15,MATCH(LARGE('📊 Dati BIA'!J6:J15,7),'📊 Dati BIA'!J6:J15,0)),"") -> -16 | H12: =IFERROR(INDEX('📊 Dati BIA'!J6:J15,MATCH(LARGE('📊 Dati BIA'!J6:J15,7),'📊 Dati BIA'!J6:J15,0)),"") -> 64 | I12: 7 | J12: =IF(ISNUMBER(F12),F12,0) -> 48 | K12: =IF(ISNUMBER(G12),G12,0) -> -16
B13: =IFERROR(INDEX('📊 Dati BIA'!B6:B15,MATCH(LARGE('📊 Dati BIA'!J6:J15,8),'📊 Dati BIA'!J6:J15,0)),"") -> Costi di conformità/notifica GDPR | C13: =IFERROR(INDEX('📊 Dati BIA'!C6:C15,MATCH(LARGE('📊 Dati BIA'!J6:J15,8),'📊 Dati BIA'!J6:J15,0)),"") -> Legale/Compliance | D13: =IFERROR(INDEX('📊 Dati BIA'!D6:D15,MATCH(LARGE('📊 Dati BIA'!J6:J15,8),'📊 Dati BIA'!J6:J15,0)),"") -> € migliaia | E13: =IFERROR(INDEX('📊 Dati BIA'!E6:E15,MATCH(LARGE('📊 Dati BIA'!J6:J15,8),'📊 Dati BIA'!J6:J15,0)),"") -> 8 | F13: =IFERROR(INDEX('📊 Dati BIA'!H6:H15,MATCH(LARGE('📊 Dati BIA'!J6:J15,8),'📊 Dati BIA'!J6:J15,0)),"") -> 42 | G13: =IFERROR(INDEX('📊 Dati BIA'!I6:I15,MATCH(LARGE('📊 Dati BIA'!J6:J15,8),'📊 Dati BIA'!J6:J15,0)),"") -> -6 | H13: =IFERROR(INDEX('📊 Dati BIA'!J6:J15,MATCH(LARGE('📊 Dati BIA'!J6:J15,8),'📊 Dati BIA'!J6:J15,0)),"") -> 48 | I13: 8 | J13: =IF(ISNUMBER(F13),F13,0) -> 42 | K13: =IF(ISNUMBER(G13),G13,0) -> -6
B14: =IFERROR(INDEX('📊 Dati BIA'!B6:B15,MATCH(LARGE('📊 Dati BIA'!J6:J15,9),'📊 Dati BIA'!J6:J15,0)),"") -> Impatto reputazionale (NPS drop) | C14: =IFERROR(INDEX('📊 Dati BIA'!C6:C15,MATCH(LARGE('📊 Dati BIA'!J6:J15,9),'📊 Dati BIA'!J6:J15,0)),"") -> Clienti | D14: =IFERROR(INDEX('📊 Dati BIA'!D6:D15,MATCH(LARGE('📊 Dati BIA'!J6:J15,9),'📊 Dati BIA'!J6:J15,0)),"") -> punti NPS | E14: =IFERROR(INDEX('📊 Dati BIA'!E6:E15,MATCH(LARGE('📊 Dati BIA'!J6:J15,9),'📊 Dati BIA'!J6:J15,0)),"") -> -5 | F14: =IFERROR(INDEX('📊 Dati BIA'!H6:H15,MATCH(LARGE('📊 Dati BIA'!J6:J15,9),'📊 Dati BIA'!J6:J15,0)),"") -> -13 | G14: =IFERROR(INDEX('📊 Dati BIA'!I6:I15,MATCH(LARGE('📊 Dati BIA'!J6:J15,9),'📊 Dati BIA'!J6:J15,0)),"") -> 4 | H14: =IFERROR(INDEX('📊 Dati BIA'!J6:J15,MATCH(LARGE('📊 Dati BIA'!J6:J15,9),'📊 Dati BIA'!J6:J15,0)),"") -> 17 | I14: 9 | J14: =IF(ISNUMBER(F14),F14,0) -> -13 | K14: =IF(ISNUMBER(G14),G14,0) -> 4
B15: =IFERROR(INDEX('📊 Dati BIA'!B6:B15,MATCH(LARGE('📊 Dati BIA'!J6:J15,10),'📊 Dati BIA'!J6:J15,0)),"") -> Durata interruzione supply chain | C15: =IFERROR(INDEX('📊 Dati BIA'!C6:C15,MATCH(LARGE('📊 Dati BIA'!J6:J15,10),'📊 Dati BIA'!J6:J15,0)),"") -> Operativo | D15: =IFERROR(INDEX('📊 Dati BIA'!D6:D15,MATCH(LARGE('📊 Dati BIA'!J6:J15,10),'📊 Dati BIA'!J6:J15,0)),"") -> giorni | E15: =IFERROR(INDEX('📊 Dati BIA'!E6:E15,MATCH(LARGE('📊 Dati BIA'!J6:J15,10),'📊 Dati BIA'!J6:J15,0)),"") -> 3 | F15: =IFERROR(INDEX('📊 Dati BIA'!H6:H15,MATCH(LARGE('📊 Dati BIA'!J6:J15,10),'📊 Dati BIA'!J6:J15,0)),"") -> 4 | G15: =IFERROR(INDEX('📊 Dati BIA'!I6:I15,MATCH(LARGE('📊 Dati BIA'!J6:J15,10),'📊 Dati BIA'!J6:J15,0)),"") -> -2 | H15: =IFERROR(INDEX('📊 Dati BIA'!J6:J15,MATCH(LARGE('📊 Dati BIA'!J6:J15,10),'📊 Dati BIA'!J6:J15,0)),"") -> 6 | I15: 10 | J15: =IF(ISNUMBER(F15),F15,0) -> 4 | K15: =IF(ISNUMBER(G15),G15,0) -> -2

Sheet 🌪️ Tornado Diagram
B2: TORNADO DIAGRAM — ANALISI DI SENSIBILITÀ BIA
B3: Le variabili con la barra più lunga hanno il maggiore impatto sulla baseline. Barra rossa = scenario peggiore (Min) | Barra verde/teal = scenario migliore (Max).
B5: VARIABILI ANALIZZATE | C5: =COUNTA('⚙️ Calcoli Tornado'!B6:B15) -> 10 | E5: VARIABILE A MASSIMO IMPATTO | F5: ='⚙️ Calcoli Tornado'!B6 -> Numero clienti impattati | I5: VARIAZIONE TOTALE N°1 | J5: ='⚙️ Calcoli Tornado'!H6 -> 1700
B8: VARIABILE | C8: SCENARIO PEGGIORE | D8: SCENARIO MIGLIORE | E8: VARIAZIONE TOTALE
B9: ='⚙️ Calcoli Tornado'!B6 -> Numero clienti impattati | C9: ='⚙️ Calcoli Tornado'!J6 -> 1300 | D9: ='⚙️ Calcoli Tornado'!K6 -> -400 | E9: ='⚙️ Calcoli Tornado'!H6 -> 1700
B10: ='⚙️ Calcoli Tornado'!B7 -> Ore lavoro perse (dipendenti) | C10: ='⚙️ Calcoli Tornado'!J7 -> 320 | D10: ='⚙️ Calcoli Tornado'!K7 -> -120 | E10: ='⚙️ Calcoli Tornado'!H7 -> 440
B11: ='⚙️ Calcoli Tornado'!B8 -> Perdita di ricavi giornalieri | C11: ='⚙️ Calcoli Tornado'!J8 -> 170 | D11: ='⚙️ Calcoli Tornado'!K8 -> -90 | E11: ='⚙️ Calcoli Tornado'!H8 -> 260
B12: ='⚙️ Calcoli Tornado'!B9 -> Costi di recupero dati | C12: ='⚙️ Calcoli Tornado'!J9 -> 75 | D12: ='⚙️ Calcoli Tornado'!K9 -> -25 | E12: ='⚙️ Calcoli Tornado'!H9 -> 100
B13: ='⚙️ Calcoli Tornado'!B10 -> Penali contrattuali SLA | C13: ='⚙️ Calcoli Tornado'!J10 -> 70 | D13: ='⚙️ Calcoli Tornado'!K10 -> -10 | E13: ='⚙️ Calcoli Tornado'!H10 -> 80
B14: ='⚙️ Calcoli Tornado'!B11 -> Costo risposta all'incidente | C14: ='⚙️ Calcoli Tornado'!J11 -> 50 | D14: ='⚙️ Calcoli Tornado'!K11 -> -15 | E14: ='⚙️ Calcoli Tornado'!H11 -> 65
B15: ='⚙️ Calcoli Tornado'!B12 -> Tempo di ripristino sistemi IT | C15: ='⚙️ Calcoli Tornado'!J12 -> 48 | D15: ='⚙️ Calcoli Tornado'!K12 -> -16 | E15: ='⚙️ Calcoli Tornado'!H12 -> 64
B16: ='⚙️ Calcoli Tornado'!B13 -> Costi di conformità/notifica GDPR | C16: ='⚙️ Calcoli Tornado'!J13 -> 42 | D16: ='⚙️ Calcoli Tornado'!K13 -> -6 | E16: ='⚙️ Calcoli Tornado'!H13 -> 48
B17: ='⚙️ Calcoli Tornado'!B14 -> Impatto reputazionale (NPS drop) | C17: ='⚙️ Calcoli Tornado'!J14 -> -13 | D17: ='⚙️ Calcoli Tornado'!K14 -> 4 | E17: ='⚙️ Calcoli Tornado'!H14 -> 17
B18: ='⚙️ Calcoli Tornado'!B15 -> Durata interruzione supply chain | C18: ='⚙️ Calcoli Tornado'!J15 -> 4 | D18: ='⚙️ Calcoli Tornado'!K15 -> -2 | E18: ='⚙️ Calcoli Tornado'!H15 -> 6

Sheet 📋 Istruzioni
C2: 📘 GUIDA RAPIDA — TORNADO DIAGRAM BIA
C4: 🎯 OBIETTIVO DEL MODELLO
C5: →. Questo modello automatizza la Business Impact Analysis tramite un Tornado Diagram dinamico.
C6: →. Il grafico visualizza quali variabili di rischio hanno il maggiore impatto sulla baseline operativa.
C7: →. L'ordinamento è automatico: la variabile con la variazione totale più alta appare sempre in cima.
C9: 📊 STRUTTURA DEI FOGLI
C10: 1. 📊 Dati BIA
C11: →. Inserisci qui tutte le variabili di rischio con i relativi valori nominale, minimo e massimo.
C12: →. Le colonne H, I, J calcolano automaticamente le variazioni rispetto alla baseline.
C13: 2. ⚙️ Calcoli Tornado
C14: →. Non modificare. Le formule INDEX/MATCH/LARGE ordinano automaticamente le variabili per impatto.
C15: 3. 🌪️ Tornado Diagram
... C46: ■ Badge blu scuro (Colonna K) → Rank di priorità: 1 = massimo impatto sul business
