Workbook

Sheet DATI_BIA
B2: BUSINESS IMPACT ANALYSIS — DATI INPUT
B3: Inserire i valori di scenario per ciascuna variabile di rischio. Il foglio CALCOLI si aggiorna automaticamente.
B4: Variabile di Rischio | C4: Categoria | D4: Unità di Misura | E4: Valore Minimo | F4: Valore Nominale (Baseline) | G4: Valore Massimo | H4: Fonte / Note
B5: Downtime Sistema IT Primario | C5: Operativo | D5: Ore | E5: 2 | F5: 8 | G5: 48 | H5: Stima IT Dept.
B6: Downtime Sistema di Backup | C6: Operativo | D6: Ore | E6: 0 | F6: 4 | G6: 24 | H6: SLA contrattuale
B7: Costo Ripristino Infrastruttura | C7: Finanziario | D7: € 000 | E7: 50 | F7: 200 | G7: 800 | H7: Preventivo vendor
B8: Perdita Ricavi Giornalieri | C8: Finanziario | D8: € 000 | E8: 20 | F8: 80 | G8: 350 | H8: Media ultimi 12m
B9: Costo Personale Extra (Recovery) | C9: Finanziario | D9: € 000 | E9: 5 | F9: 30 | G9: 120 | H9: HR / contratti
B10: Penali Contrattuali Clienti | C10: Legale | D10: € 000 | E10: 0 | F10: 25 | G10: 150 | H10: Contratti attivi
B11: Danni Reputazionali (NPS drop) | C11: Reputazionale | D11: Punti NPS | E11: 2 | F11: 8 | G11: 25 | H11: Storico incidenti
B12: Clienti a Rischio Churn | C12: Commerciale | D12: N° clienti | E12: 5 | F12: 30 | G12: 120 | H12: CRM / segmento
B13: Tempo di Recovery (RTO effettivo) | C13: Operativo | D13: Ore | E13: 4 | F13: 12 | G13: 72 | H13: Test DR 2024
B14: Perdita Dati (RPO effettivo) | C14: Operativo | D14: Ore dati | E14: 0 | F14: 4 | G14: 24 | H14: Policy backup
B15: Costo Notifiche Regolamentari | C15: Compliance | D15: € 000 | E15: 0 | F15: 15 | G15: 80 | H15: GDPR/NIS2 est.
B16: Impatto su SLA Erogazione Servizi | C16: Qualità | D16: % SLA miss | E16: 1 | F16: 5 | G16: 20 | H16: Contratti SLA

Sheet CALCOLI
B2: CALCOLI IMPATTO — DELTA vs BASELINE
B3: Calcolo automatico delle variazioni rispetto al valore nominale. Aggiorna DATI_BIA per ricalcolare.
B4: Variabile di Rischio | C4: Unità | D4: Baseline (Nominale) | E4: Scenario Pessimistico (Max) | F4: Scenario Ottimistico (Min) | G4: Δ Downside (Max−Base) | H4: Δ Upside (Base−Min) | I4: Swing Totale (Max−Min) | J4: Impatto % Downside
B5: =DATI_BIA!B5 -> Downtime Sistema IT Primario | C5: =DATI_BIA!D5 -> Ore | D5: =DATI_BIA!F5 -> 8 | E5: =DATI_BIA!G5 -> 48 | F5: =DATI_BIA!E5 -> 2 | G5: =E5-D5 -> 40 | H5: =D5-F5 -> 6 | I5: =E5-F5 -> 46 | J5: =IF(D5<>0,(E5-D5)/D5,0) -> 5
B6: =DATI_BIA!B6 -> Downtime Sistema di Backup | C6: =DATI_BIA!D6 -> Ore | D6: =DATI_BIA!F6 -> 4 | E6: =DATI_BIA!G6 -> 24 | F6: =DATI_BIA!E6 -> 0 | G6: =E6-D6 -> 20 | H6: =D6-F6 -> 4 | I6: =E6-F6 -> 24 | J6: =IF(D6<>0,(E6-D6)/D6,0) -> 5
B7: =DATI_BIA!B7 -> Costo Ripristino Infrastruttura | C7: =DATI_BIA!D7 -> € 000 | D7: =DATI_BIA!F7 -> 200 | E7: =DATI_BIA!G7 -> 800 | F7: =DATI_BIA!E7 -> 50 | G7: =E7-D7 -> 600 | H7: =D7-F7 -> 150 | I7: =E7-F7 -> 750 | J7: =IF(D7<>0,(E7-D7)/D7,0) -> 3
B8: =DATI_BIA!B8 -> Perdita Ricavi Giornalieri | C8: =DATI_BIA!D8 -> € 000 | D8: =DATI_BIA!F8 -> 80 | E8: =DATI_BIA!G8 -> 350 | F8: =DATI_BIA!E8 -> 20 | G8: =E8-D8 -> 270 | H8: =D8-F8 -> 60 | I8: =E8-F8 -> 330 | J8: =IF(D8<>0,(E8-D8)/D8,0) -> 3.375
B9: =DATI_BIA!B9 -> Costo Personale Extra (Recovery) | C9: =DATI_BIA!D9 -> € 000 | D9: =DATI_BIA!F9 -> 30 | E9: =DATI_BIA!G9 -> 120 | F9: =DATI_BIA!E9 -> 5 | G9: =E9-D9 -> 90 | H9: =D9-F9 -> 25 | I9: =E9-F9 -> 115 | J9: =IF(D9<>0,(E9-D9)/D9,0) -> 3
B10: =DATI_BIA!B10 -> Penali Contrattuali Clienti | C10: =DATI_BIA!D10 -> € 000 | D10: =DATI_BIA!F10 -> 25 | E10: =DATI_BIA!G10 -> 150 | F10: =DATI_BIA!E10 -> 0 | G10: =E10-D10 -> 125 | H10: =D10-F10 -> 25 | I10: =E10-F10 -> 150 | J10: =IF(D10<>0,(E10-D10)/D10,0) -> 5
B11: =DATI_BIA!B11 -> Danni Reputazionali (NPS drop) | C11: =DATI_BIA!D11 -> Punti NPS | D11: =DATI_BIA!F11 -> 8 | E11: =DATI_BIA!G11 -> 25 | F11: =DATI_BIA!E11 -> 2 | G11: =E11-D11 -> 17 | H11: =D11-F11 -> 6 | I11: =E11-F11 -> 23 | J11: =IF(D11<>0,(E11-D11)/D11,0) -> 2.125
B12: =DATI_BIA!B12 -> Clienti a Rischio Churn | C12: =DATI_BIA!D12 -> N° clienti | D12: =DATI_BIA!F12 -> 30 | E12: =DATI_BIA!G12 -> 120 | F12: =DATI_BIA!E12 -> 5 | G12: =E12-D12 -> 90 | H12: =D12-F12 -> 25 | I12: =E12-F12 -> 115 | J12: =IF(D12<>0,(E12-D12)/D12,0) -> 3
B13: =DATI_BIA!B13 -> Tempo di Recovery (RTO effettivo) | C13: =DATI_BIA!D13 -> Ore | D13: =DATI_BIA!F13 -> 12 | E13: =DATI_BIA!G13 -> 72 | F13: =DATI_BIA!E13 -> 4 | G13: =E13-D13 -> 60 | H13: =D13-F13 -> 8 | I13: =E13-F13 -> 68 | J13: =IF(D13<>0,(E13-D13)/D13,0) -> 5
B14: =DATI_BIA!B14 -> Perdita Dati (RPO effettivo) | C14: =DATI_BIA!D14 -> Ore dati | D14: =DATI_BIA!F14 -> 4 | E14: =DATI_BIA!G14 -> 24 | F14: =DATI_BIA!E14 -> 0 | G14: =E14-D14 -> 20 | H14: =D14-F14 -> 4 | I14: =E14-F14 -> 24 | J14: =IF(D14<>0,(E14-D14)/D14,0) -> 5
B15: =DATI_BIA!B15 -> Costo Notifiche Regolamentari | C15: =DATI_BIA!D15 -> € 000 | D15: =DATI_BIA!F15 -> 15 | E15: =DATI_BIA!G15 -> 80 | F15: =DATI_BIA!E15 -> 0 | G15: =E15-D15 -> 65 | H15: =D15-F15 -> 15 | I15: =E15-F15 -> 80 | J15: =IF(D15<>0,(E15-D15)/D15,0) -> 4.3333333
B16: =DATI_BIA!B16 -> Impatto su SLA Erogazione Servizi | C16: =DATI_BIA!D16 -> % SLA miss | D16: =DATI_BIA!F16 -> 5 | E16: =DATI_BIA!G16 -> 20 | F16: =DATI_BIA!E16 -> 1 | G16: =E16-D16 -> 15 | H16: =D16-F16 -> 4 | I16: =E16-F16 -> 19 | J16: =IF(D16<>0,(E16-D16)/D16,0) -> 3
B18: TOTALE SWING AGGREGATO | G18: =SUM(G5:G16) -> 1412 | H18: =SUM(H5:H16) -> 332 | I18: =SUM(I5:I16) -> 1744

Sheet TORNADO
B2: TORNADO DIAGRAM — ANALISI SENSITIVITÀ BIA
B3: Variabili ordinate per Swing Totale decrescente (maggiore impatto in cima).
B4: Δ Downside = rischio peggioramento (rosso) | Δ Upside = potenziale miglioramento (teal) | Aggiorna DATI_BIA → tutto si ricalcola
B5: Variabile di Rischio (ord. per impatto) | C5: Δ Downside (rischio) | D5: Δ Upside (opportunità) | E5: Swing Totale | F5: Rank
B6: =INDEX(CALCOLI!B$5:B$16,MATCH(LARGE(CALCOLI!I$5:I$16,1),CALCOLI!I$5:I$16,0)) -> Costo Ripristino Infrastruttura | C6: =INDEX(CALCOLI!G$5:G$16,MATCH(LARGE(CALCOLI!I$5:I$16,1),CALCOLI!I$5:I$16,0)) -> 600 | D6: =INDEX(CALCOLI!H$5:H$16,MATCH(LARGE(CALCOLI!I$5:I$16,1),CALCOLI!I$5:I$16,0)) -> 150 | E6: =INDEX(CALCOLI!I$5:I$16,MATCH(LARGE(CALCOLI!I$5:I$16,1),CALCOLI!I$5:I$16,0)) -> 750 | F6: 1
B7: =INDEX(CALCOLI!B$5:B$16,MATCH(LARGE(CALCOLI!I$5:I$16,2),CALCOLI!I$5:I$16,0)) -> Perdita Ricavi Giornalieri | C7: =INDEX(CALCOLI!G$5:G$16,MATCH(LARGE(CALCOLI!I$5:I$16,2),CALCOLI!I$5:I$16,0)) -> 270 | D7: =INDEX(CALCOLI!H$5:H$16,MATCH(LARGE(CALCOLI!I$5:I$16,2),CALCOLI!I$5:I$16,0)) -> 60 | E7: =INDEX(CALCOLI!I$5:I$16,MATCH(LARGE(CALCOLI!I$5:I$16,2),CALCOLI!I$5:I$16,0)) -> 330 | F7: 2
B8: =INDEX(CALCOLI!B$5:B$16,MATCH(LARGE(CALCOLI!I$5:I$16,3),CALCOLI!I$5:I$16,0)) -> Penali Contrattuali Clienti | C8: =INDEX(CALCOLI!G$5:G$16,MATCH(LARGE(CALCOLI!I$5:I$16,3),CALCOLI!I$5:I$16,0)) -> 125 | D8: =INDEX(CALCOLI!H$5:H$16,MATCH(LARGE(CALCOLI!I$5:I$16,3),CALCOLI!I$5:I$16,0)) -> 25 | E8: =INDEX(CALCOLI!I$5:I$16,MATCH(LARGE(CALCOLI!I$5:I$16,3),CALCOLI!I$5:I$16,0)) -> 150 | F8: 3
B9: =INDEX(CALCOLI!B$5:B$16,MATCH(LARGE(CALCOLI!I$5:I$16,4),CALCOLI!I$5:I$16,0)) -> Costo Personale Extra (Recovery) | C9: =INDEX(CALCOLI!G$5:G$16,MATCH(LARGE(CALCOLI!I$5:I$16,4),CALCOLI!I$5:I$16,0)) -> 90 | D9: =INDEX(CALCOLI!H$5:H$16,MATCH(LARGE(CALCOLI!I$5:I$16,4),CALCOLI!I$5:I$16,0)) -> 25 | E9: =INDEX(CALCOLI!I$5:I$16,MATCH(LARGE(CALCOLI!I$5:I$16,4),CALCOLI!I$5:I$16,0)) -> 115 | F9: 4
B10: =INDEX(CALCOLI!B$5:B$16,MATCH(LARGE(CALCOLI!I$5:I$16,5),CALCOLI!I$5:I$16,0)) -> Costo Personale Extra (Recovery) | C10: =INDEX(CALCOLI!G$5:G$16,MATCH(LARGE(CALCOLI!I$5:I$16,5),CALCOLI!I$5:I$16,0)) -> 90 | D10: =INDEX(CALCOLI!H$5:H$16,MATCH(LARGE(CALCOLI!I$5:I$16,5),CALCOLI!I$5:I$16,0)) -> 25 | E10: =INDEX(CALCOLI!I$5:I$16,MATCH(LARGE(CALCOLI!I$5:I$16,5),CALCOLI!I$5:I$16,0)) -> 115 | F10: 5
B11: =INDEX(CALCOLI!B$5:B$16,MATCH(LARGE(CALCOLI!I$5:I$16,6),CALCOLI!I$5:I$16,0)) -> Costo Notifiche Regolamentari | C11: =INDEX(CALCOLI!G$5:G$16,MATCH(LARGE(CALCOLI!I$5:I$16,6),CALCOLI!I$5:I$16,0)) -> 65 | D11: =INDEX(CALCOLI!H$5:H$16,MATCH(LARGE(CALCOLI!I$5:I$16,6),CALCOLI!I$5:I$16,0)) -> 15 | E11: =INDEX(CALCOLI!I$5:I$16,MATCH(LARGE(CALCOLI!I$5:I$16,6),CALCOLI!I$5:I$16,0)) -> 80 | F11: 6
B12: =INDEX(CALCOLI!B$5:B$16,MATCH(LARGE(CALCOLI!I$5:I$16,7),CALCOLI!I$5:I$16,0)) -> Tempo di Recovery (RTO effettivo) | C12: =INDEX(CALCOLI!G$5:G$16,MATCH(LARGE(CALCOLI!I$5:I$16,7),CALCOLI!I$5:I$16,0)) -> 60 | D12: =INDEX(CALCOLI!H$5:H$16,MATCH(LARGE(CALCOLI!I$5:I$16,7),CALCOLI!I$5:I$16,0)) -> 8 | E12: =INDEX(CALCOLI!I$5:I$16,MATCH(LARGE(CALCOLI!I$5:I$16,7),CALCOLI!I$5:I$16,0)) -> 68 | F12: 7
B13: =INDEX(CALCOLI!B$5:B$16,MATCH(LARGE(CALCOLI!I$5:I$16,8),CALCOLI!I$5:I$16,0)) -> Downtime Sistema IT Primario | C13: =INDEX(CALCOLI!G$5:G$16,MATCH(LARGE(CALCOLI!I$5:I$16,8),CALCOLI!I$5:I$16,0)) -> 40 | D13: =INDEX(CALCOLI!H$5:H$16,MATCH(LARGE(CALCOLI!I$5:I$16,8),CALCOLI!I$5:I$16,0)) -> 6 | E13: =INDEX(CALCOLI!I$5:I$16,MATCH(LARGE(CALCOLI!I$5:I$16,8),CALCOLI!I$5:I$16,0)) -> 46 | F13: 8
B14: =INDEX(CALCOLI!B$5:B$16,MATCH(LARGE(CALCOLI!I$5:I$16,9),CALCOLI!I$5:I$16,0)) -> Downtime Sistema di Backup | C14: =INDEX(CALCOLI!G$5:G$16,MATCH(LARGE(CALCOLI!I$5:I$16,9),CALCOLI!I$5:I$16,0)) -> 20 | D14: =INDEX(CALCOLI!H$5:H$16,MATCH(LARGE(CALCOLI!I$5:I$16,9),CALCOLI!I$5:I$16,0)) -> 4 | E14: =INDEX(CALCOLI!I$5:I$16,MATCH(LARGE(CALCOLI!I$5:I$16,9),CALCOLI!I$5:I$16,0)) -> 24 | F14: 9
B15: =INDEX(CALCOLI!B$5:B$16,MATCH(LARGE(CALCOLI!I$5:I$16,10),CALCOLI!I$5:I$16,0)) -> Downtime Sistema di Backup | C15: =INDEX(CALCOLI!G$5:G$16,MATCH(LARGE(CALCOLI!I$5:I$16,10),CALCOLI!I$5:I$16,0)) -> 20 | D15: =INDEX(CALCOLI!H$5:H$16,MATCH(LARGE(CALCOLI!I$5:I$16,10),CALCOLI!I$5:I$16,0)) -> 4 | E15: =INDEX(CALCOLI!I$5:I$16,MATCH(LARGE(CALCOLI!I$5:I$16,10),CALCOLI!I$5:I$16,0)) -> 24 | F15: 10
B16: =INDEX(CALCOLI!B$5:B$16,MATCH(LARGE(CALCOLI!I$5:I$16,11),CALCOLI!I$5:I$16,0)) -> Danni Reputazionali (NPS drop) | C16: =INDEX(CALCOLI!G$5:G$16,MATCH(LARGE(CALCOLI!I$5:I$16,11),CALCOLI!I$5:I$16,0)) -> 17 | D16: =INDEX(CALCOLI!H$5:H$16,MATCH(LARGE(CALCOLI!I$5:I$16,11),CALCOLI!I$5:I$16,0)) -> 6 | E16: =INDEX(CALCOLI!I$5:I$16,MATCH(LARGE(CALCOLI!I$5:I$16,11),CALCOLI!I$5:I$16,0)) -> 23 | F16: 11
B17: =INDEX(CALCOLI!B$5:B$16,MATCH(LARGE(CALCOLI!I$5:I$16,12),CALCOLI!I$5:I$16,0)) -> Impatto su SLA Erogazione Servizi | C17: =INDEX(CALCOLI!G$5:G$16,MATCH(LARGE(CALCOLI!I$5:I$16,12),CALCOLI!I$5:I$16,0)) -> 15 | D17: =INDEX(CALCOLI!H$5:H$16,MATCH(LARGE(CALCOLI!I$5:I$16,12),CALCOLI!I$5:I$16,0)) -> 4 | E17: =INDEX(CALCOLI!I$5:I$16,MATCH(LARGE(CALCOLI!I$5:I$16,12),CALCOLI!I$5:I$16,0)) -> 19 | F17: 12

Sheet ISTRUZIONI
B2: GUIDA ALL'USO — TORNADO DIAGRAM BIA
B3: Questo modello genera automaticamente un Tornado Diagram dinamico basato sui dati BIA che inserisci.
B5: STRUTTURA DEL MODELLO — 4 FOGLI
B6: 1 | C6: DATI_BIA — Foglio di INPUT | D6: Inserisci qui le variabili con i tre scenari (min / nominale / max). Partenza di tutto il modello.
B7: 2 | C7: CALCOLI — Calcolo automatico delta | D7: Calcola delta vs baseline e swing totale. Non modificare direttamente: si alimenta da DATI_BIA.
B8: 3 | C8: TORNADO — Visualizzazione grafico | D8: Mostra il grafico a barre speculare. Le variabili si riordinano automaticamente per impatto.
B9: 4 | C9: ISTRUZIONI — Questa guida | D9: Documentazione operativa. Non influisce sui calcoli.
B11: COME AGGIORNARE I DATI PER UNA NUOVA SIMULAZIONE
B12: 1 | C12: Vai al foglio DATI_BIA | D12: Clicca sulla scheda 'DATI_BIA' in fondo alla finestra Excel.
B13: 2 | C13: Modifica i valori nelle colonne E, F, G | D13: E = Min (ottimistico) | F = Nominale/Baseline | G = Max (pessimistico)
B14: 3 | C14: Aggiorna la colonna H (Fonte / Note) | D14: Annota fonte, data e responsabile per tracciabilità (es. 'Revisione Q3 2026 – IT Risk').
B15: 4 | C15: Vai al foglio CALCOLI per verifica | D15: Controlla che i delta si siano aggiornati. Verifica la riga TOTALE in fondo.
B16: 5 | C16: Vai al foglio TORNADO per il grafico | D16: Il grafico si rigenera automaticamente. L'ordinamento per swing si aggiorna.
B17: 6 | C17: Aggiungi nuove variabili (opzionale) | D17: Inserisci nuove righe in DATI_BIA (righe 5-16). Poi estendi le formule in CALCOLI e TORNADO copiando le righe adiacenti.
B19: LOGICA DEL TORNADO DIAGRAM
B20: ? | C20: Cosa misura il Tornado? | D20: Mostra quali variabili hanno il MAGGIORE impatto sull'outcome. Più larga la barra, più critica la variabile.
B21: → | C21: Δ Downside (barre rosse) | D21: Valore Max meno Baseline. Peggioramento se lo scenario pessimistico si realizza.
B22: → | C22: Δ Upside (barre teal) | D22: Baseline meno Valore Min. Miglioramento possibile nello scenario ottimistico.
B23: = | C23: Swing Totale | D23: Valore Max meno Valore Min. Metrica di ordinamento: variabili con swing maggiore appaiono in cima.
B24: ∑ | C24: Ordinamento automatico | D24: Il foglio TORNADO usa LARGE() + INDEX() + MATCH() per ordinare senza macro. Si aggiorna ad ogni modifica.
B26: BEST PRACTICES PER SIMULAZIONI DI RISCHIO
B27: ✓ | C27: Usa stime coerenti con la distribuzione di probabilità | D27: I valori Min e Max dovrebbero rappresentare P5 e P95 (5° e 95° percentile).
B28: ✓ | C28: Documenta sempre le assunzioni | D28: Usa la colonna Fonte/Note: data, responsabile e metodo di stima per ogni variabile.
B29: ✓ | C29: Riesegui la simulazione periodicamente | D29: Suggerito: aggiornamento trimestrale o dopo ogni incidente/cambio infrastrutturale significativo.
B30: ✓ | C30: Salva copie storiche prima di aggiornare | D30: Rinomina il file con la data (es. BIA_Tornado_2026Q2.xlsx) per tracking nel tempo.
B31: ✓ | C31: Prioritizza le mitigazioni dal grafico | D31: Le variabili in cima al Tornado devono essere le prime da indirizzare nel Piano di Continuità Operativa.
B32: ✓ | C32: Crea un foglio SCENARI per analisi what-if avanzata | D32: Aggiungi scenari named (Cyberattack, Alluvione, Blackout) con valori preimpostati e selezione via lista a discesa.
B35: LEGENDA COLORI
B36: Sfondo dorato | C36: Valore Nominale / Baseline — riferimento centrale dell'analisi
B37: Testo rosso | C37: Δ Downside — incremento negativo, rischio di peggioramento
B38: Testo teal | C38: Δ Upside — margine di miglioramento possibile
B39: Scala blu→rosso | C39: Swing totale — basso impatto (teal) → alto impatto (rosso)
