Workbook

Sheet Input BIA
B2: BUSINESS IMPACT ANALYSIS — Dati di Input per Tornado Diagram
B3: Inserire i valori per ogni variabile di rischio. Il foglio Calcoli si aggiorna automaticamente.
B5: CONFIGURAZIONE SCENARIO
B6: Nome Scenario | D6: Scenario Base 2026
B7: Data Analisi | D7: 46200
B8: Responsabile | D8: Risk Manager
B9: Valuta | D9: EUR
B10: Ore lavorative/giorno | D10: 8
B12: Variabile di Rischio | C12: Categoria | D12: Unità | E12: Valore MIN | F12: Valore NOMINALE (Baseline) | G12: Valore MAX | H12: Impatto Monetario per Unità (€) | I12: Peso Priorità (1-5) | J12: Note / Fonte
B13: Downtime Sistemi IT | C13: Tecnologia | D13: ore | E13: 2 | F13: 8 | G13: 48 | H13: 5000 | I13: 5 | J13: Basato su SLA e storico incidenti
B14: Downtime Reti/Connettività | C14: Tecnologia | D14: ore | E14: 1 | F14: 4 | G14: 24 | H14: 3000 | I14: 4 | J14: Include VPN e collegamenti WAN
B15: Tempo di Recupero RTO | C15: Tecnologia | D15: ore | E15: 4 | F15: 12 | G15: 72 | H15: 8000 | I15: 5 | J15: Recovery Time Objective
B16: Tempo di Recupero RPO | C16: Continuità | D16: ore | E16: 1 | F16: 6 | G16: 24 | H16: 4500 | I16: 4 | J16: Recovery Point Objective
B17: Perdita di Ricavi | C17: Finanziario | D17: €/ora | E17: 500 | F17: 2000 | G17: 8000 | H17: 1 | I17: 5 | J17: Ricavi orari medi per unità operativa
B18: Costi di Recupero IT | C18: Finanziario | D18: € | E18: 5000 | F18: 15000 | G18: 80000 | H18: 1 | I18: 4 | J18: Personale + hardware + licenze
B19: Costi di Risposta Incidente | C19: Finanziario | D19: € | E19: 2000 | F19: 8000 | G19: 30000 | H19: 1 | I19: 3 | J19: Team interno + consulenti esterni
B20: Danno Reputazionale | C20: Strategico | D20: € eq. | E20: 10000 | F20: 50000 | G20: 200000 | H20: 1 | I20: 4 | J20: Stima perdita clienti/contratti
B21: Sanzioni Regolamentari | C21: Compliance | D21: € | E21: 0 | F21: 5000 | G21: 50000 | H21: 1 | I21: 3 | J21: GDPR, NIS2, settoriali
B22: Perdita Produttività | C22: Operativo | D22: % | E22: 5 | F22: 20 | G22: 60 | H22: 1000 | I22: 3 | J22: % riduzione output per ora
B23: Costi di Comunicazione Crisi | C23: Operativo | D23: € | E23: 1000 | F23: 5000 | G23: 20000 | H23: 1 | I23: 2 | J23: PR, legale, notifiche clienti
B24: Indisponibilità Fornitori | C24: Supply Chain | D24: giorni | E24: 1 | F24: 3 | G24: 15 | H24: 12000 | I24: 3 | J24: Impatto su processi dipendenti

Sheet Calcoli BIA
B2: CALCOLI IMPATTO — Variazioni rispetto alla Baseline
B3: Tutte le celle sono collegate dinamicamente al foglio Input BIA. Le formule si aggiornano automaticamente.
B5: A. IMPATTI MONETARI ASSOLUTI (€)
B6: Variabile | C6: Categoria | D6: Unità | E6: Impatto MIN (€) | F6: Impatto NOMINALE (€) [Baseline] | G6: Impatto MAX (€) | H6: Swing MIN (vs Baseline €) | I6: Swing MAX (vs Baseline €) | J6: Swing Totale (MAX-MIN €) | K6: Swing MIN % | L6: Swing MAX % | M6: Swing Totale (assoluto €)
B7: ='Input BIA'!B13 -> Downtime Sistemi IT | C7: ='Input BIA'!C13 -> Tecnologia | D7: ='Input BIA'!D13 -> ore | E7: ='Input BIA'!E13*'Input BIA'!H13 -> 10000 | F7: ='Input BIA'!F13*'Input BIA'!H13 -> 40000 | G7: ='Input BIA'!G13*'Input BIA'!H13 -> 240000 | H7: =E7-F7 -> -30000 | I7: =G7-F7 -> 200000 | J7: =G7-E7 -> 230000 | K7: =IF(F7<>0,(E7-F7)/ABS(F7),0) -> -0.75 | L7: =IF(F7<>0,(G7-F7)/ABS(F7),0) -> 5 | M7: =ABS(G7-E7) -> 230000
B8: ='Input BIA'!B14 -> Downtime Reti/Connettività | C8: ='Input BIA'!C14 -> Tecnologia | D8: ='Input BIA'!D14 -> ore | E8: ='Input BIA'!E14*'Input BIA'!H14 -> 3000 | F8: ='Input BIA'!F14*'Input BIA'!H14 -> 12000 | G8: ='Input BIA'!G14*'Input BIA'!H14 -> 72000 | H8: =E8-F8 -> -9000 | I8: =G8-F8 -> 60000 | J8: =G8-E8 -> 69000 | K8: =IF(F8<>0,(E8-F8)/ABS(F8),0) -> -0.75 | L8: =IF(F8<>0,(G8-F8)/ABS(F8),0) -> 5 | M8: =ABS(G8-E8) -> 69000
B9: ='Input BIA'!B15 -> Tempo di Recupero RTO | C9: ='Input BIA'!C15 -> Tecnologia | D9: ='Input BIA'!D15 -> ore | E9: ='Input BIA'!E15*'Input BIA'!H15 -> 32000 | F9: ='Input BIA'!F15*'Input BIA'!H15 -> 96000 | G9: ='Input BIA'!G15*'Input BIA'!H15 -> 576000 | H9: =E9-F9 -> -64000 | I9: =G9-F9 -> 480000 | J9: =G9-E9 -> 544000 | K9: =IF(F9<>0,(E9-F9)/ABS(F9),0) -> -0.66666667 | L9: =IF(F9<>0,(G9-F9)/ABS(F9),0) -> 5 | M9: =ABS(G9-E9) -> 544000
B10: ='Input BIA'!B16 -> Tempo di Recupero RPO | C10: ='Input BIA'!C16 -> Continuità | D10: ='Input BIA'!D16 -> ore | E10: ='Input BIA'!E16*'Input BIA'!H16 -> 4500 | F10: ='Input BIA'!F16*'Input BIA'!H16 -> 27000 | G10: ='Input BIA'!G16*'Input BIA'!H16 -> 108000 | H10: =E10-F10 -> -22500 | I10: =G10-F10 -> 81000 | J10: =G10-E10 -> 103500 | K10: =IF(F10<>0,(E10-F10)/ABS(F10),0) -> -0.83333333 | L10: =IF(F10<>0,(G10-F10)/ABS(F10),0) -> 3 | M10: =ABS(G10-E10) -> 103500
B11: ='Input BIA'!B17 -> Perdita di Ricavi | C11: ='Input BIA'!C17 -> Finanziario | D11: ='Input BIA'!D17 -> €/ora | E11: ='Input BIA'!E17*'Input BIA'!H17 -> 500 | F11: ='Input BIA'!F17*'Input BIA'!H17 -> 2000 | G11: ='Input BIA'!G17*'Input BIA'!H17 -> 8000 | H11: =E11-F11 -> -1500 | I11: =G11-F11 -> 6000 | J11: =G11-E11 -> 7500 | K11: =IF(F11<>0,(E11-F11)/ABS(F11),0) -> -0.75 | L11: =IF(F11<>0,(G11-F11)/ABS(F11),0) -> 3 | M11: =ABS(G11-E11) -> 7500
B12: ='Input BIA'!B18 -> Costi di Recupero IT | C12: ='Input BIA'!C18 -> Finanziario | D12: ='Input BIA'!D18 -> € | E12: ='Input BIA'!E18*'Input BIA'!H18 -> 5000 | F12: ='Input BIA'!F18*'Input BIA'!H18 -> 15000 | G12: ='Input BIA'!G18*'Input BIA'!H18 -> 80000 | H12: =E12-F12 -> -10000 | I12: =G12-F12 -> 65000 | J12: =G12-E12 -> 75000 | K12: =IF(F12<>0,(E12-F12)/ABS(F12),0) -> -0.66666667 | L12: =IF(F12<>0,(G12-F12)/ABS(F12),0) -> 4.3333333 | M12: =ABS(G12-E12) -> 75000
B13: ='Input BIA'!B19 -> Costi di Risposta Incidente | C13: ='Input BIA'!C19 -> Finanziario | D13: ='Input BIA'!D19 -> € | E13: ='Input BIA'!E19*'Input BIA'!H19 -> 2000 | F13: ='Input BIA'!F19*'Input BIA'!H19 -> 8000 | G13: ='Input BIA'!G19*'Input BIA'!H19 -> 30000 | H13: =E13-F13 -> -6000 | I13: =G13-F13 -> 22000 | J13: =G13-E13 -> 28000 | K13: =IF(F13<>0,(E13-F13)/ABS(F13),0) -> -0.75 | L13: =IF(F13<>0,(G13-F13)/ABS(F13),0) -> 2.75 | M13: =ABS(G13-E13) -> 28000
B14: ='Input BIA'!B20 -> Danno Reputazionale | C14: ='Input BIA'!C20 -> Strategico | D14: ='Input BIA'!D20 -> € eq. | E14: ='Input BIA'!E20*'Input BIA'!H20 -> 10000 | F14: ='Input BIA'!F20*'Input BIA'!H20 -> 50000 | G14: ='Input BIA'!G20*'Input BIA'!H20 -> 200000 | H14: =E14-F14 -> -40000 | I14: =G14-F14 -> 150000 | J14: =G14-E14 -> 190000 | K14: =IF(F14<>0,(E14-F14)/ABS(F14),0) -> -0.8 | L14: =IF(F14<>0,(G14-F14)/ABS(F14),0) -> 3 | M14: =ABS(G14-E14) -> 190000
B15: ='Input BIA'!B21 -> Sanzioni Regolamentari | C15: ='Input BIA'!C21 -> Compliance | D15: ='Input BIA'!D21 -> € | E15: ='Input BIA'!E21*'Input BIA'!H21 -> 0 | F15: ='Input BIA'!F21*'Input BIA'!H21 -> 5000 | G15: ='Input BIA'!G21*'Input BIA'!H21 -> 50000 | H15: =E15-F15 -> -5000 | I15: =G15-F15 -> 45000 | J15: =G15-E15 -> 50000 | K15: =IF(F15<>0,(E15-F15)/ABS(F15),0) -> -1 | L15: =IF(F15<>0,(G15-F15)/ABS(F15),0) -> 9 | M15: =ABS(G15-E15) -> 50000
B16: ='Input BIA'!B22 -> Perdita Produttività | C16: ='Input BIA'!C22 -> Operativo | D16: ='Input BIA'!D22 -> % | E16: ='Input BIA'!E22*'Input BIA'!H22 -> 5000 | F16: ='Input BIA'!F22*'Input BIA'!H22 -> 20000 | G16: ='Input BIA'!G22*'Input BIA'!H22 -> 60000 | H16: =E16-F16 -> -15000 | I16: =G16-F16 -> 40000 | J16: =G16-E16 -> 55000 | K16: =IF(F16<>0,(E16-F16)/ABS(F16),0) -> -0.75 | L16: =IF(F16<>0,(G16-F16)/ABS(F16),0) -> 2 | M16: =ABS(G16-E16) -> 55000
B17: ='Input BIA'!B23 -> Costi di Comunicazione Crisi | C17: ='Input BIA'!C23 -> Operativo | D17: ='Input BIA'!D23 -> € | E17: ='Input BIA'!E23*'Input BIA'!H23 -> 1000 | F17: ='Input BIA'!F23*'Input BIA'!H23 -> 5000 | G17: ='Input BIA'!G23*'Input BIA'!H23 -> 20000 | H17: =E17-F17 -> -4000 | I17: =G17-F17 -> 15000 | J17: =G17-E17 -> 19000 | K17: =IF(F17<>0,(E17-F17)/ABS(F17),0) -> -0.8 | L17: =IF(F17<>0,(G17-F17)/ABS(F17),0) -> 3 | M17: =ABS(G17-E17) -> 19000
B18: ='Input BIA'!B24 -> Indisponibilità Fornitori | C18: ='Input BIA'!C24 -> Supply Chain | D18: ='Input BIA'!D24 -> giorni | E18: ='Input BIA'!E24*'Input BIA'!H24 -> 12000 | F18: ='Input BIA'!F24*'Input BIA'!H24 -> 36000 | G18: ='Input BIA'!G24*'Input BIA'!H24 -> 180000 | H18: =E18-F18 -> -24000 | I18: =G18-F18 -> 144000 | J18: =G18-E18 -> 168000 | K18: =IF(F18<>0,(E18-F18)/ABS(F18),0) -> -0.66666667 | L18: =IF(F18<>0,(G18-F18)/ABS(F18),0) -> 4 | M18: =ABS(G18-E18) -> 168000
B19: TOTALE IMPATTO BASELINE | E19: =SUM(E7:E18) -> 85000 | F19: =SUM(F7:F18) -> 316000 | G19: =SUM(G7:G18) -> 1624000 | J19: =SUM(J7:J18) -> 1539000 | M19: =SUM(M7:M18) -> 1539000
B22: B. RIEPILOGO KPI SCENARIO
B23: Impatto Baseline Totale (€) | C23: =F19 -> 316000 | D23: Worst-Case Impatto Totale (€) | E23: =G19 -> 1624000 | F23: Best-Case Impatto Totale (€) | G23: =E19 -> 85000 | H23: Range di Incertezza Totale (€) | I23: =G19-E19 -> 1539000 | J23: Variabile con maggior Swing | K23: =INDEX('Input BIA'!B13:B24,MATCH(MAX(M7:M18),M7:M18,0)) -> Tempo di Recupero RTO | L23: % Swing Max / Baseline | M23: =IF(F19<>0,(G19-F19)/F19,0) -> 4.1392405

Sheet Dati Tornado
B2: DATI ORDINATI PER TORNADO DIAGRAM — Ordinamento automatico per Swing Totale decrescente
B3: Questo foglio alimenta il grafico. I dati sono estratti da Calcoli BIA e ordinati per impatto decrescente.
B5: Variabile di Rischio | C5: Baseline (€) | D5: Swing Negativo (MIN - Baseline €) | E5: Swing Positivo (MAX - Baseline €) | F5: Swing Totale (assoluto €) | G5: Priorità BIA | H5: Rank
B6: =INDEX('Calcoli BIA'!B7:B18,MATCH(LARGE('Calcoli BIA'!M7:M18,1),'Calcoli BIA'!M7:M18,0)) -> Tempo di Recupero RTO | C6: =INDEX('Calcoli BIA'!F7:F18,MATCH(LARGE('Calcoli BIA'!M7:M18,1),'Calcoli BIA'!M7:M18,0)) -> 96000 | D6: =INDEX('Calcoli BIA'!H7:H18,MATCH(LARGE('Calcoli BIA'!M7:M18,1),'Calcoli BIA'!M7:M18,0)) -> -64000 | E6: =INDEX('Calcoli BIA'!I7:I18,MATCH(LARGE('Calcoli BIA'!M7:M18,1),'Calcoli BIA'!M7:M18,0)) -> 480000 | F6: =LARGE('Calcoli BIA'!M7:M18,1) -> 544000 | G6: =INDEX('Input BIA'!I13:I24,MATCH(LARGE('Calcoli BIA'!M7:M18,1),'Calcoli BIA'!M7:M18,0)) -> 5 | H6: 1
B7: =INDEX('Calcoli BIA'!B7:B18,MATCH(LARGE('Calcoli BIA'!M7:M18,2),'Calcoli BIA'!M7:M18,0)) -> Downtime Sistemi IT | C7: =INDEX('Calcoli BIA'!F7:F18,MATCH(LARGE('Calcoli BIA'!M7:M18,2),'Calcoli BIA'!M7:M18,0)) -> 40000 | D7: =INDEX('Calcoli BIA'!H7:H18,MATCH(LARGE('Calcoli BIA'!M7:M18,2),'Calcoli BIA'!M7:M18,0)) -> -30000 | E7: =INDEX('Calcoli BIA'!I7:I18,MATCH(LARGE('Calcoli BIA'!M7:M18,2),'Calcoli BIA'!M7:M18,0)) -> 200000 | F7: =LARGE('Calcoli BIA'!M7:M18,2) -> 230000 | G7: =INDEX('Input BIA'!I13:I24,MATCH(LARGE('Calcoli BIA'!M7:M18,2),'Calcoli BIA'!M7:M18,0)) -> 5 | H7: 2
B8: =INDEX('Calcoli BIA'!B7:B18,MATCH(LARGE('Calcoli BIA'!M7:M18,3),'Calcoli BIA'!M7:M18,0)) -> Danno Reputazionale | C8: =INDEX('Calcoli BIA'!F7:F18,MATCH(LARGE('Calcoli BIA'!M7:M18,3),'Calcoli BIA'!M7:M18,0)) -> 50000 | D8: =INDEX('Calcoli BIA'!H7:H18,MATCH(LARGE('Calcoli BIA'!M7:M18,3),'Calcoli BIA'!M7:M18,0)) -> -40000 | E8: =INDEX('Calcoli BIA'!I7:I18,MATCH(LARGE('Calcoli BIA'!M7:M18,3),'Calcoli BIA'!M7:M18,0)) -> 150000 | F8: =LARGE('Calcoli BIA'!M7:M18,3) -> 190000 | G8: =INDEX('Input BIA'!I13:I24,MATCH(LARGE('Calcoli BIA'!M7:M18,3),'Calcoli BIA'!M7:M18,0)) -> 4 | H8: 3
B9: =INDEX('Calcoli BIA'!B7:B18,MATCH(LARGE('Calcoli BIA'!M7:M18,4),'Calcoli BIA'!M7:M18,0)) -> Indisponibilità Fornitori | C9: =INDEX('Calcoli BIA'!F7:F18,MATCH(LARGE('Calcoli BIA'!M7:M18,4),'Calcoli BIA'!M7:M18,0)) -> 36000 | D9: =INDEX('Calcoli BIA'!H7:H18,MATCH(LARGE('Calcoli BIA'!M7:M18,4),'Calcoli BIA'!M7:M18,0)) -> -24000 | E9: =INDEX('Calcoli BIA'!I7:I18,MATCH(LARGE('Calcoli BIA'!M7:M18,4),'Calcoli BIA'!M7:M18,0)) -> 144000 | F9: =LARGE('Calcoli BIA'!M7:M18,4) -> 168000 | G9: =INDEX('Input BIA'!I13:I24,MATCH(LARGE('Calcoli BIA'!M7:M18,4),'Calcoli BIA'!M7:M18,0)) -> 3 | H9: 4
B10: =INDEX('Calcoli BIA'!B7:B18,MATCH(LARGE('Calcoli BIA'!M7:M18,5),'Calcoli BIA'!M7:M18,0)) -> Tempo di Recupero RPO | C10: =INDEX('Calcoli BIA'!F7:F18,MATCH(LARGE('Calcoli BIA'!M7:M18,5),'Calcoli BIA'!M7:M18,0)) -> 27000 | D10: =INDEX('Calcoli BIA'!H7:H18,MATCH(LARGE('Calcoli BIA'!M7:M18,5),'Calcoli BIA'!M7:M18,0)) -> -22500 | E10: =INDEX('Calcoli BIA'!I7:I18,MATCH(LARGE('Calcoli BIA'!M7:M18,5),'Calcoli BIA'!M7:M18,0)) -> 81000 | F10: =LARGE('Calcoli BIA'!M7:M18,5) -> 103500 | G10: =INDEX('Input BIA'!I13:I24,MATCH(LARGE('Calcoli BIA'!M7:M18,5),'Calcoli BIA'!M7:M18,0)) -> 4 | H10: 5
B11: =INDEX('Calcoli BIA'!B7:B18,MATCH(LARGE('Calcoli BIA'!M7:M18,6),'Calcoli BIA'!M7:M18,0)) -> Costi di Recupero IT | C11: =INDEX('Calcoli BIA'!F7:F18,MATCH(LARGE('Calcoli BIA'!M7:M18,6),'Calcoli BIA'!M7:M18,0)) -> 15000 | D11: =INDEX('Calcoli BIA'!H7:H18,MATCH(LARGE('Calcoli BIA'!M7:M18,6),'Calcoli BIA'!M7:M18,0)) -> -10000 | E11: =INDEX('Calcoli BIA'!I7:I18,MATCH(LARGE('Calcoli BIA'!M7:M18,6),'Calcoli BIA'!M7:M18,0)) -> 65000 | F11: =LARGE('Calcoli BIA'!M7:M18,6) -> 75000 | G11: =INDEX('Input BIA'!I13:I24,MATCH(LARGE('Calcoli BIA'!M7:M18,6),'Calcoli BIA'!M7:M18,0)) -> 4 | H11: 6
B12: =INDEX('Calcoli BIA'!B7:B18,MATCH(LARGE('Calcoli BIA'!M7:M18,7),'Calcoli BIA'!M7:M18,0)) -> Downtime Reti/Connettività | C12: =INDEX('Calcoli BIA'!F7:F18,MATCH(LARGE('Calcoli BIA'!M7:M18,7),'Calcoli BIA'!M7:M18,0)) -> 12000 | D12: =INDEX('Calcoli BIA'!H7:H18,MATCH(LARGE('Calcoli BIA'!M7:M18,7),'Calcoli BIA'!M7:M18,0)) -> -9000 | E12: =INDEX('Calcoli BIA'!I7:I18,MATCH(LARGE('Calcoli BIA'!M7:M18,7),'Calcoli BIA'!M7:M18,0)) -> 60000 | F12: =LARGE('Calcoli BIA'!M7:M18,7) -> 69000 | G12: =INDEX('Input BIA'!I13:I24,MATCH(LARGE('Calcoli BIA'!M7:M18,7),'Calcoli BIA'!M7:M18,0)) -> 4 | H12: 7
B13: =INDEX('Calcoli BIA'!B7:B18,MATCH(LARGE('Calcoli BIA'!M7:M18,8),'Calcoli BIA'!M7:M18,0)) -> Perdita Produttività | C13: =INDEX('Calcoli BIA'!F7:F18,MATCH(LARGE('Calcoli BIA'!M7:M18,8),'Calcoli BIA'!M7:M18,0)) -> 20000 | D13: =INDEX('Calcoli BIA'!H7:H18,MATCH(LARGE('Calcoli BIA'!M7:M18,8),'Calcoli BIA'!M7:M18,0)) -> -15000 | E13: =INDEX('Calcoli BIA'!I7:I18,MATCH(LARGE('Calcoli BIA'!M7:M18,8),'Calcoli BIA'!M7:M18,0)) -> 40000 | F13: =LARGE('Calcoli BIA'!M7:M18,8) -> 55000 | G13: =INDEX('Input BIA'!I13:I24,MATCH(LARGE('Calcoli BIA'!M7:M18,8),'Calcoli BIA'!M7:M18,0)) -> 3 | H13: 8
B14: =INDEX('Calcoli BIA'!B7:B18,MATCH(LARGE('Calcoli BIA'!M7:M18,9),'Calcoli BIA'!M7:M18,0)) -> Sanzioni Regolamentari | C14: =INDEX('Calcoli BIA'!F7:F18,MATCH(LARGE('Calcoli BIA'!M7:M18,9),'Calcoli BIA'!M7:M18,0)) -> 5000 | D14: =INDEX('Calcoli BIA'!H7:H18,MATCH(LARGE('Calcoli BIA'!M7:M18,9),'Calcoli BIA'!M7:M18,0)) -> -5000 | E14: =INDEX('Calcoli BIA'!I7:I18,MATCH(LARGE('Calcoli BIA'!M7:M18,9),'Calcoli BIA'!M7:M18,0)) -> 45000 | F14: =LARGE('Calcoli BIA'!M7:M18,9) -> 50000 | G14: =INDEX('Input BIA'!I13:I24,MATCH(LARGE('Calcoli BIA'!M7:M18,9),'Calcoli BIA'!M7:M18,0)) -> 3 | H14: 9
B15: =INDEX('Calcoli BIA'!B7:B18,MATCH(LARGE('Calcoli BIA'!M7:M18,10),'Calcoli BIA'!M7:M18,0)) -> Costi di Risposta Incidente | C15: =INDEX('Calcoli BIA'!F7:F18,MATCH(LARGE('Calcoli BIA'!M7:M18,10),'Calcoli BIA'!M7:M18,0)) -> 8000 | D15: =INDEX('Calcoli BIA'!H7:H18,MATCH(LARGE('Calcoli BIA'!M7:M18,10),'Calcoli BIA'!M7:M18,0)) -> -6000 | E15: =INDEX('Calcoli BIA'!I7:I18,MATCH(LARGE('Calcoli BIA'!M7:M18,10),'Calcoli BIA'!M7:M18,0)) -> 22000 | F15: =LARGE('Calcoli BIA'!M7:M18,10) -> 28000 | G15: =INDEX('Input BIA'!I13:I24,MATCH(LARGE('Calcoli BIA'!M7:M18,10),'Calcoli BIA'!M7:M18,0)) -> 3 | H15: 10
B16: =INDEX('Calcoli BIA'!B7:B18,MATCH(LARGE('Calcoli BIA'!M7:M18,11),'Calcoli BIA'!M7:M18,0)) -> Costi di Comunicazione Crisi | C16: =INDEX('Calcoli BIA'!F7:F18,MATCH(LARGE('Calcoli BIA'!M7:M18,11),'Calcoli BIA'!M7:M18,0)) -> 5000 | D16: =INDEX('Calcoli BIA'!H7:H18,MATCH(LARGE('Calcoli BIA'!M7:M18,11),'Calcoli BIA'!M7:M18,0)) -> -4000 | E16: =INDEX('Calcoli BIA'!I7:I18,MATCH(LARGE('Calcoli BIA'!M7:M18,11),'Calcoli BIA'!M7:M18,0)) -> 15000 | F16: =LARGE('Calcoli BIA'!M7:M18,11) -> 19000 | G16: =INDEX('Input BIA'!I13:I24,MATCH(LARGE('Calcoli BIA'!M7:M18,11),'Calcoli BIA'!M7:M18,0)) -> 2 | H16: 11
B17: =INDEX('Calcoli BIA'!B7:B18,MATCH(LARGE('Calcoli BIA'!M7:M18,12),'Calcoli BIA'!M7:M18,0)) -> Perdita di Ricavi | C17: =INDEX('Calcoli BIA'!F7:F18,MATCH(LARGE('Calcoli BIA'!M7:M18,12),'Calcoli BIA'!M7:M18,0)) -> 2000 | D17: =INDEX('Calcoli BIA'!H7:H18,MATCH(LARGE('Calcoli BIA'!M7:M18,12),'Calcoli BIA'!M7:M18,0)) -> -1500 | E17: =INDEX('Calcoli BIA'!I7:I18,MATCH(LARGE('Calcoli BIA'!M7:M18,12),'Calcoli BIA'!M7:M18,0)) -> 6000 | F17: =LARGE('Calcoli BIA'!M7:M18,12) -> 7500 | G17: =INDEX('Input BIA'!I13:I24,MATCH(LARGE('Calcoli BIA'!M7:M18,12),'Calcoli BIA'!M7:M18,0)) -> 5 | H17: 12

Sheet Tornado Chart
B2: TORNADO DIAGRAM — Business Impact Analysis
B3: Le barre mostrano la variazione dell'impatto rispetto alla baseline. Ordinamento per impatto totale decrescente.
C5: Variabile | D5: Offset (€) | E5: Swing Positivo (€) | F5: |Swing Negativo| (€)
C6: ='Dati Tornado'!B6 -> Tempo di Recupero RTO | D6: ='Dati Tornado'!C6+'Dati Tornado'!D6 -> 32000 | E6: ='Dati Tornado'!E6 -> 480000 | F6: =ABS('Dati Tornado'!D6) -> 64000
C7: ='Dati Tornado'!B7 -> Downtime Sistemi IT | D7: ='Dati Tornado'!C7+'Dati Tornado'!D7 -> 10000 | E7: ='Dati Tornado'!E7 -> 200000 | F7: =ABS('Dati Tornado'!D7) -> 30000
C8: ='Dati Tornado'!B8 -> Danno Reputazionale | D8: ='Dati Tornado'!C8+'Dati Tornado'!D8 -> 10000 | E8: ='Dati Tornado'!E8 -> 150000 | F8: =ABS('Dati Tornado'!D8) -> 40000
C9: ='Dati Tornado'!B9 -> Indisponibilità Fornitori | D9: ='Dati Tornado'!C9+'Dati Tornado'!D9 -> 12000 | E9: ='Dati Tornado'!E9 -> 144000 | F9: =ABS('Dati Tornado'!D9) -> 24000
C10: ='Dati Tornado'!B10 -> Tempo di Recupero RPO | D10: ='Dati Tornado'!C10+'Dati Tornado'!D10 -> 4500 | E10: ='Dati Tornado'!E10 -> 81000 | F10: =ABS('Dati Tornado'!D10) -> 22500
C11: ='Dati Tornado'!B11 -> Costi di Recupero IT | D11: ='Dati Tornado'!C11+'Dati Tornado'!D11 -> 5000 | E11: ='Dati Tornado'!E11 -> 65000 | F11: =ABS('Dati Tornado'!D11) -> 10000
C12: ='Dati Tornado'!B12 -> Downtime Reti/Connettività | D12: ='Dati Tornado'!C12+'Dati Tornado'!D12 -> 3000 | E12: ='Dati Tornado'!E12 -> 60000 | F12: =ABS('Dati Tornado'!D12) -> 9000
C13: ='Dati Tornado'!B13 -> Perdita Produttività | D13: ='Dati Tornado'!C13+'Dati Tornado'!D13 -> 5000 | E13: ='Dati Tornado'!E13 -> 40000 | F13: =ABS('Dati Tornado'!D13) -> 15000
C14: ='Dati Tornado'!B14 -> Sanzioni Regolamentari | D14: ='Dati Tornado'!C14+'Dati Tornado'!D14 -> 0 | E14: ='Dati Tornado'!E14 -> 45000 | F14: =ABS('Dati Tornado'!D14) -> 5000
C15: ='Dati Tornado'!B15 -> Costi di Risposta Incidente | D15: ='Dati Tornado'!C15+'Dati Tornado'!D15 -> 2000 | E15: ='Dati Tornado'!E15 -> 22000 | F15: =ABS('Dati Tornado'!D15) -> 6000
C16: ='Dati Tornado'!B16 -> Costi di Comunicazione Crisi | D16: ='Dati Tornado'!C16+'Dati Tornado'!D16 -> 1000 | E16: ='Dati Tornado'!E16 -> 15000 | F16: =ABS('Dati Tornado'!D16) -> 4000
C17: ='Dati Tornado'!B17 -> Perdita di Ricavi | D17: ='Dati Tornado'!C17+'Dati Tornado'!D17 -> 500 | E17: ='Dati Tornado'!E17 -> 6000 | F17: =ABS('Dati Tornado'!D17) -> 1500
C19: ● Teal = Impatto Positivo (Scenario MAX) ● Rosso = Impatto Negativo (Scenario MIN) ● Offset invisibile per centramento barre

Sheet Istruzioni
B2: GUIDA ALL'USO — BIA Tornado Diagram Template
B4: 1. STRUTTURA DEL FILE
B5: 📋 Input BIA | C5: Inserire qui tutti i parametri: nome variabile, categoria, unità di misura, valori MIN / NOMINALE / MAX, costo unitario e peso priorità (1-5). È l'unico foglio da modificare manualmente.
B6: 🔢 Calcoli BIA | C6: Foglio di calcolo automatico. Mostra impatti monetari assoluti, swing (variazione vs baseline), percentuali. NON modificare direttamente — si aggiorna da Input BIA.
B7: 📊 Dati Tornado | C7: Tabella ordinata automaticamente per Swing Totale decrescente (il fattore con maggior impatto appare in cima). Alimenta il grafico.
B8: 🌪️ Tornado Chart | C8: Grafico a barre speculare (Tornado Diagram). Le barre teal = impatto positivo (scenario MAX), barre rosse = impatto negativo (scenario MIN). L'asse centrale rappresenta la baseline.
B9: 📖 Istruzioni | C9: Questo foglio. Leggerlo prima di iniziare.
B11: 2. COME AGGIORNARE I DATI PER NUOVE SIMULAZIONI
B12: Passo 1 — Vai al foglio Input BIA | C12: Seleziona il foglio 'Input BIA' dalla barra in basso.
B13: Passo 2 — Modifica le variabili | C13: Modifica i valori nelle colonne E (MIN), F (NOMINALE / Baseline) e G (MAX) per ogni variabile. • Colonna E = scenario migliore (best case) → valore più basso • Colonna F = valore atteso / baseline → punto di riferimento centrale • Colonna G = scenario peggiore (worst case) → valore più alto
B14: Passo 3 — Aggiorna il costo unitario | C14: Colonna H = 'Impatto Monetario per Unità'. Per variabili già in €, lasciare 1. Per variabili in ore o %, inserire il costo orario o il costo per punto percentuale.
B15: Passo 4 — Assegna la priorità | C15: Colonna I = Peso Priorità da 1 (bassa) a 5 (critica). Usare 5 per variabili business-critical.
B16: Passo 5 — Aggiorna nomi/note | C16: Colonna B = nome variabile (visibile nel grafico). Colonna J = note e fonte del dato.
B17: Passo 6 — Vai al Tornado Chart | C17: Il grafico si aggiorna automaticamente. Se Excel non si ricalcola, premere F9.
B18: Passo 7 — Salva con nuovo nome | C18: Per salvare uno scenario: File → Salva con nome → 'BIA_Tornado_[NomeScenario]_[Data].xlsx'. In questo modo si mantiene la cronologia delle simulazioni.
B20: 3. AGGIUNGERE NUOVE VARIABILI DI RISCHIO
B21: A. Inserisci riga in Input BIA | C21: Nel foglio 'Input BIA', inserisci una nuova riga PRIMA della riga 25 (ultima riga dati). Clic destro sulla riga 25 → Inserisci. Compila tutte le colonne B-J.
B22: B. Aggiorna i fogli di calcolo | C22: Estendi le formule nel foglio 'Calcoli BIA' (copia-incolla dall'ultima riga). Il ranking in 'Dati Tornado' si aggiornerà automaticamente se estendi anche quelle righe.
B23: C. Aggiorna il range del grafico | C23: Nel foglio 'Tornado Chart', seleziona il grafico → Dati → estendi il range al nuovo numero di variabili.
B25: 4. COME INTERPRETARE IL TORNADO DIAGRAM
B26: Larghezza della barra | C26: Più la barra è lunga, maggiore è l'incertezza / sensibilità di quella variabile. Le barre più lunghe in cima sono i fattori critici su cui concentrare le strategie di mitigazione.
B27: Barra Teal (destra) | C27: Rappresenta l'impatto AGGIUNTIVO nello scenario peggiore (MAX). Quanto costa in più rispetto alla baseline se questa variabile raggiunge il valore massimo.
B28: Barra Rust/Rosso (sinistra) | C28: Rappresenta il risparmio possibile nello scenario migliore (MIN). Quanto si risparmia rispetto alla baseline se questa variabile si mantiene al valore minimo.
B29: Punto centrale (asse Y) | C29: È la Baseline = valore nominale. Tutte le variazioni sono calcolate da questo punto.
B30: Ordinamento automatico | C30: Le variabili sono ordinate per Swing Totale (MAX - MIN in €) decrescente. La variabile con più incertezza appare sempre in cima — cambia automaticamente se modifichi i valori.
B32: ⚠️ ATTENZIONE: Non modificare le formule nei fogli Calcoli BIA, Dati Tornado e Tornado Chart. Aggiornare SOLO il foglio Input BIA.

Sheet Scenario Simulator
B2: SCENARIO SIMULATOR — Confronto Multi-Scenario
B3: Registra qui i risultati di diverse simulazioni per confrontare l'evoluzione del rischio nel tempo.
B5: Nome Scenario | C5: Data | D5: Baseline Totale (€) | E5: Worst-Case (€) | F5: Best-Case (€) | G5: Range Incertezza (€) | H5: Variabile Critica #1 | I5: Note Scenario
B6: Scenario Base 2026 | C6: =TODAY() -> 46200 | D6: ='Calcoli BIA'!F19 -> 316000 | E6: ='Calcoli BIA'!G19 -> 1624000 | F6: ='Calcoli BIA'!E19 -> 85000 | G6: ='Calcoli BIA'!G19-'Calcoli BIA'!E19 -> 1539000 | H6: ='Calcoli BIA'!C23 -> 316000 | I6: Scenario iniziale - dati storici
B7: Scenario Cyberattack | I7: Inserire valori post-analisi scenario attacco
B8: Scenario Pandemia | I8: Inserire valori post-analisi scenario pandemia
B9: Scenario Disastro NatL | I9: Inserire valori post-analisi disastro naturale
B10: Dopo Piano di Mitigan. | I10: Valori attesi dopo implementazione controlli
