Workbook

Sheet Dashboard
B2: DASHBOARD — Confronto iCBT vs Collaborative Care | Allocazione Risorse
B3: Tutti i valori si aggiornano automaticamente modificando i Parametri. Inserire il budget disponibile nella cella F5.
B5: BUDGET DISPONIBILE — Inserire qui | F5: 200000 | G5: ← Modifica questo valore
B7: INDICATORI CHIAVE DI PERFORMANCE (KPI)
B8: KPI | C8: iCBT | D8: Collaborative Care | E8: Differenza | F8: Vantaggio | G8: Fonte calcolo
B9: Costo per paziente (€) | C9: =Parametri!C23 | D9: =Parametri!D23 | E9: =D9-C9 | F9: =IF(E9="N/A","N/A",IF(E9>0,"✓ iCBT meno costoso","✓ CC meno costoso")) | G9: Parametri B
B10: Pazienti trattabili (budget F5) | C10: =INT(F5/Parametri!C23) | D10: =INT(F5/Parametri!D23) | E10: =C10-D10 | F10: =IF(E10="N/A","N/A",IF(E10>0,"✓ CC superiore","✓ iCBT superiore")) | G10: Budget÷Costo
B11: QALY/paz. anno 1 | C11: =Parametri!C36 | D11: =Parametri!D36 | E11: =D11-C11 | F11: =IF(E11="N/A","N/A",IF(E11>0,"✓ CC superiore","✓ iCBT superiore")) | G11: Parametri D
B12: QALY totali programma (3 anni) | C12: =Analisi_ICER!C18 | D12: =Analisi_ICER!D18 | E12: =D12-C12 | F12: =IF(E12="N/A","N/A",IF(E12>0,"✓ CC superiore","✓ iCBT superiore")) | G12: Analisi ICER B
B13: Tasso risposta clinica PHQ-9 | C13: =Parametri!C27 | D13: =Parametri!D27 | E13: =D13-C13 | F13: =IF(E13="N/A","N/A",IF(E13>0,"✓ CC superiore","✓ iCBT superiore")) | G13: Parametri C
B14: Tasso remissione | C14: =Parametri!C28 | D14: =Parametri!D28 | E14: =D14-C14 | F14: =IF(E14="N/A","N/A",IF(E14>0,"✓ CC superiore","✓ iCBT superiore")) | G14: Parametri C
B15: ROI a 12 mesi | C15: =ROI!E18 | D15: =ROI!F18 | E15: =D15-C15 | F15: =IF(E15="N/A","N/A",IF(E15>0,"✓ CC ROI maggiore","✓ iCBT ROI maggiore")) | G15: ROI B
B16: ROI a 36 mesi | C16: =ROI!G24 | D16: =ROI!H24 | E16: =IFERROR(D16-C16,"N/A") | F16: =IF(OR(C16="N/A",D16="N/A",E16="N/A"),"N/A",IF(E16>0,"✓ CC ROI maggiore","✓ iCBT ROI maggiore")) | G16: ROI B
B17: Break-even (mesi) | C17: =ROI!G25 | D17: =ROI!H25 | E17: =IFERROR(D17-C17,"N/A") | F17: Vedi ICER | G17: ROI B
B18: ICER (€/QALY) | C18: =Analisi_ICER!C24 | D18: N/A | E18: N/A | F18: =IF(E18="N/A","N/A",IF(E18>0,"✓ iCBT meno costoso","✓ CC meno costoso")) | G18: Analisi ICER C
B19: Verdetto cost-effectiveness | C19: =Analisi_ICER!C26 | D19: N/A | E19: N/A | F19: Vedi ICER | G19: Analisi ICER C
B21: RACCOMANDAZIONE AUTOMATICA PER ALLOCAZIONE RISORSE
B22: =IF(AND(INT(F5/Parametri!C23)>INT(F5/Parametri!D23),Analisi_ICER!C26="✓ COST-EFFECTIVE"),"✓✓ RACCOMANDAZIONE: iCBT — Copre più pazienti con budget disponibile ed è cost-effective (ICER<soglia)",IF(Analisi_ICER!C26="✓ COST-EFFECTIVE","✓ RACCOMANDAZIONE: Collaborative Care — Più efficace clinicamente; ICER nella soglia accettabile","⚠ ATTENZIONE: Nessun intervento è cost-effective ai parametri attuali — rivedere soglia WTP o efficacia"))
B24: MATRICE DI DECISIONE — Scenari Budget
B25: Scenario Budget | C25: Budget (€) | D25: Paz. iCBT | E25: Paz. CC | F25: QALY totali iCBT | G25: QALY totali CC | H25: Scelta ottimale
B26: Ristretto (€50k) | C26: 50000 | D26: =INT(C26/Parametri!C23) | E26: =INT(C26/Parametri!D23) | F26: =D26*Parametri!C36*Parametri!C34 | G26: =E26*Parametri!D36*Parametri!D34 | H26: =IF(AND(D26>E26,F26>G26),"✓✓ iCBT domina",IF(AND(D26<E26,F26<G26),"✓✓ CC domina",IF(D26>E26,"iCBT: +pazienti","CC: +QALY")))
B27: Moderato (€100k) | C27: 100000 | D27: =INT(C27/Parametri!C23) | E27: =INT(C27/Parametri!D23) | F27: =D27*Parametri!C36*Parametri!C34 | G27: =E27*Parametri!D36*Parametri!D34 | H27: =IF(AND(D27>E27,F27>G27),"✓✓ iCBT domina",IF(AND(D27<E27,F27<G27),"✓✓ CC domina",IF(D27>E27,"iCBT: +pazienti","CC: +QALY")))
B28: Standard (€200k) | C28: 200000 | D28: =INT(C28/Parametri!C23) | E28: =INT(C28/Parametri!D23) | F28: =D28*Parametri!C36*Parametri!C34 | G28: =E28*Parametri!D36*Parametri!D34 | H28: =IF(AND(D28>E28,F28>G28),"✓✓ iCBT domina",IF(AND(D28<E28,F28<G28),"✓✓ CC domina",IF(D28>E28,"iCBT: +pazienti","CC: +QALY")))
B29: Ampio (€500k) | C29: 500000 | D29: =INT(C29/Parametri!C23) | E29: =INT(C29/Parametri!D23) | F29: =D29*Parametri!C36*Parametri!C34 | G29: =E29*Parametri!D36*Parametri!D34 | H29: =IF(AND(D29>E29,F29>G29),"✓✓ iCBT domina",IF(AND(D29<E29,F29<G29),"✓✓ CC domina",IF(D29>E29,"iCBT: +pazienti","CC: +QALY")))
B30: Esteso (€1M) | C30: 1000000 | D30: =INT(C30/Parametri!C23) | E30: =INT(C30/Parametri!D23) | F30: =D30*Parametri!C36*Parametri!C34 | G30: =E30*Parametri!D36*Parametri!D34 | H30: =IF(AND(D30>E30,F30>G30),"✓✓ iCBT domina",IF(AND(D30<E30,F30<G30),"✓✓ CC domina",IF(D30>E30,"iCBT: +pazienti","CC: +QALY")))
B32: NOTE METODOLOGICHE E FONTI
B33: • ICER = Incremental Cost-Effectiveness Ratio. Misura il costo aggiuntivo per ogni QALY guadagnato passando da iCBT a Collaborative Care.
B34: • QALY = Quality-Adjusted Life Year. Combina sopravvivenza e qualità della vita. 1 QALY = 1 anno in perfetta salute.
B35: • Soglia WTP = Willingness-To-Pay. In Italia: €30.000-€40.000/QALY (AIFA); UK: £20.000-£30.000 (NICE); USA: $100.000-$150.000.
B36: • Dati efficacia: Cuijpers et al. (2019), Gilbody et al. (2006), Karyotaki et al. (2018), McCrone et al. (2004).
B37: • Dati costi: stime basate su letteratura europea (Zechmeister et al. 2008, Larg et al. 2012). Adattare al contesto locale.
B38: • Sconto temporale al 3.5%/anno applicato a QALY e benefici economici futuri (NICE TSD 2012; AIFA 2020).

Sheet Parametri
B2: PARAMETRI DEL MODELLO — Analisi Costo-Utilità | iCBT vs Collaborative Care
B3: Celle in BLU = input modificabili · Celle in NERO = formule · Celle in VERDE = collegamenti ad altri fogli
B5: A. POPOLAZIONE E CONTESTO CLINICO
B6: Parametro | C6: iCBT | D6: Collaborative Care | E6: Fonte / Nota
B7: Numero pazienti trattati (base) | C7: 100 | D7: 100 | E7: Valore di base — modificare
B8: Età media (anni) | C8: 42 | D8: 42 | E8: Geneen et al. 2019
B9: % donne | C9: 0.6 | D9: 0.6 | E9: Andrews et al. 2018
B10: Durata follow-up (mesi) | C10: 12 | D10: 12 | E10: Orizio et al. 2015
B11: Punteggio PHQ-9 baseline (media) | C11: 14.2 | D11: 14.5 | E11: PHQ-9: 10-14 = dep. moderata
B13: B. COSTI DIRETTI (€ per paziente)
B14: Parametro | C14: iCBT | D14: Collaborative Care | E14: Fonte / Nota
B15: Costo licenza/piattaforma (€) | C15: 250 | D15: 0 | E15: iCBT: licenza annuale software
B16: Costo materiale clinico (€) | C16: 15 | D16: 45 | E16: Manuale, strumenti psicodiagnostici
B17: Costo terapeuta per paziente (€) | C17: 80 | D17: 420 | E17: iCBT: guidance brief (2h); CC: 6-8 sessioni
B18: Costo coordinamento clinico (€) | C18: 20 | D18: 180 | E18: CC include care manager dedicato
B19: Costo supervisione/formazione (€) | C19: 30 | D19: 80 | E19: Quota prorate per paziente
B20: Costo assessment (PHQ-9 + altro) (€) | C20: 25 | D20: 35 | E20: Inclusi costi somministrazione
B21: Costo IT / infrastruttura (€) | C21: 40 | D21: 10 | E21: Server, supporto tecnico iCBT
B22: Costo indiretti (overhead) (€) | C22: 50 | D22: 80 | E22: 15% dei costi diretti totali (stima)
B23: COSTO TOTALE PER PAZIENTE (€) | C23: =SUM(C15:C22) | D23: =SUM(D15:D22) | E23: → Differenziale ICER calcolato nel foglio Analisi_ICER
B25: C. EFFICACIA CLINICA — Tassi Risposta PHQ-9
B26: Parametro | C26: iCBT | D26: Collaborative Care | E26: Fonte / Nota
B27: Tasso risposta clinica (≥50% riduz. PHQ-9) | C27: 0.52 | D27: 0.61 | E27: Cuijpers et al. 2019; Gilbody et al. 2006
B28: Tasso remissione (PHQ-9 < 5) | C28: 0.38 | D28: 0.46 | E28: Karyotaki et al. 2018
B29: Riduzione media PHQ-9 (punti) | C29: 6.2 | D29: 7.8 | E29: Punteggio 0-27; riduz. >5 = clinicamente signif.
B30: NNT (Number Needed to Treat) | C30: 5.8 | D30: 4.2 | E30: Calcolo: 1 / (risposta_trat - risposta_ctrl)
B31: Tasso abbandono (drop-out %) | C31: 0.28 | D31: 0.18 | E31: iCBT tende a dropout più elevato
B32: Risposta sostenuta a 12 mesi (%) | C32: 0.44 | D32: 0.53 | E32: Follow-up remissione mantenuta
B34: D. GUADAGNO IN QALY — Da Letteratura
B35: Parametro | C35: iCBT | D35: Collaborative Care | E35: Fonte / Nota
B36: QALY guadagnato per paziente (anno 1) | C36: 0.045 | D36: 0.062 | E36: McCrone et al. 2004; Konig et al. 2009
B37: QALY guadagnato per paziente (anno 2) | C37: 0.038 | D37: 0.055 | E37: Effetto decrescente (tasso mantenimento)
B38: QALY guadagnato per paziente (anno 3) | C38: 0.03 | D38: 0.044 | E38: Stima su follow-up 36 mesi
B39: Utilità stato depresso grave (EQ-5D) | C39: 0.31 | D39: 0.31 | E39: EQ-5D utility weight; Roick et al. 2004
B40: Utilità stato remissione (EQ-5D) | C40: 0.82 | D40: 0.82 | E40: EQ-5D; valore standard UK
B41: Utilità stato risposta parziale (EQ-5D) | C41: 0.62 | D41: 0.62 | E41: Media ponderata
B42: Sconto temporale QALY (%/anno) | C42: 0.035 | D42: 0.035 | E42: 3.5% — raccomandazione NICE/AIFA
B43: Soglia WTP per QALY (€/QALY) | C43: 30000 | D43: 30000 | E43: Soglia NICE: £20k-£30k; Italia: ~€30k-€40k

Sheet Analisi_ICER
B2: ANALISI ICER — Costo per QALY Incrementale | iCBT vs Collaborative Care
B3: ICER = (C_new – C_old) / (E_new – E_old) | Se ICER < soglia WTP → intervento cost-effective
B5: A. SINTESI COSTI E QALY (collegati da Parametri)
B6: Voce | C6: iCBT (€/paz.) | D6: Coll.Care (€/paz.) | E6: Differenza (ΔC) | F6: Nota
B8: Costo totale per paziente (€) | C8: =Parametri!C23 | D8: =Parametri!D23 | E8: =D8-C8 | F8: Somma sezione B del foglio Parametri
B9: Numero pazienti trattati | C9: =Parametri!C7 | D9: =Parametri!D7 | E9: =D9-C9 | F9: Modif. nel foglio Parametri
B10: Costo totale programma (€) | C10: =C8*C9 | D10: =D8*D9 | E10: =D10-C10 | F10: Costo×pazienti
B12: B. QALY INCREMENTALI (con sconto temporale)
B13: Voce | C13: iCBT | D13: Coll.Care | E13: ΔE (QALY increm.) | F13: Nota
B14: QALY/paz. anno 1 (da Parametri) | C14: =Parametri!C36 | D14: =Parametri!D36 | E14: =D14-C14 | F14: Anno 1 senza sconto
B15: QALY/paz. anno 2 (scontato) | C15: =Parametri!C37/(1+Parametri!C42) | D15: =Parametri!D37/(1+Parametri!D42) | E15: =D15-C15 | F15: Fattore sconto 3.5%
B16: QALY/paz. anno 3 (scontato) | C16: =Parametri!C38/(1+Parametri!C42)^2 | D16: =Parametri!D38/(1+Parametri!D42)^2 | E16: =D16-C16 | F16: Fattore sconto 3.5%^2
B17: QALY totale 3 anni per paziente | C17: =SUM(C14:C16) | D17: =SUM(D14:D16) | E17: =D17-C17 | F17: Somma anni 1-3 scontata
B18: QALY totale programma | C18: =C17*Parametri!C7 | D18: =D17*Parametri!D7 | E18: =D18-C18 | F18: QALY×pazienti
B21: C. CALCOLO ICER — Costo per QALY Incrementale
B22: Costo incrementale totale (ΔC) (€) | C22: =D10-C10 | D22: C_ColCare - C_iCBT
B23: QALY incrementali (ΔE) | C23: =D17-C17 | D23: E_ColCare - E_iCBT (3 anni)
B24: ICER (€ per QALY guadagnato) | C24: =IF(C23=0,"N/A",C22/C23) | D24: ΔC/ΔE; ICER < soglia → cost-eff.
B25: Soglia WTP (€/QALY) | C25: =Parametri!C43 | D25: WTP = Willingness-To-Pay
B26: ICER vs Soglia | C26: =IF(C24="N/A","N/A",IF(C24<C25,"✓ COST-EFFECTIVE","✗ NON COST-EFFECTIVE")) | D26: Verdetto automatico
B27: % sopra/sotto soglia WTP | C27: =IF(OR(C24="N/A",C25=0),"N/A",C24/C25-1) | D27: Negativo = sotto soglia (preferibile)
B28: Probabilità cost-effectiveness (stima) | C28: 0.65 | D28: Da CEAC letteratura; mod. se disponibile
B30: D. PIANO COSTO-EFFICACIA — Quadranti di Decisione
B31: Quadrante | C31: Decisione | D31: Interpretazione
B32: Q1: ΔC>0, ΔE>0 (In alto a destra) | C32: Dipende da ICER vs soglia WTP | D32: Caso più comune — valuta ICER
B33: Q2: ΔC<0, ΔE>0 (In basso a destra) | C33: Domina → ADOTTARE senza esitazione | D33: CC più efficace E meno costosa
B34: Q3: ΔC>0, ΔE<0 (In alto a sinistra) | C34: Dominato → NON adottare | D34: CC meno efficace E più costosa
B35: Q4: ΔC<0, ΔE<0 (In basso a sinistra) | C35: Dipende da ICER vs soglia | D35: CC meno efficace MA meno costosa
B37: VERDETTO AUTOMATICO QUADRANTE
B38: =IF(C22>0,IF(C23>0,IF(C24<C25,"Q1 ✓ COST-EFFECTIVE — ICER sotto soglia WTP","Q1 ✗ NON cost-effective — ICER sopra soglia WTP"),"Q3 ✗ DOMINATO — più costoso e meno efficace"),IF(C23>0,"Q2 ✓✓ DOMINA — più efficace E meno costoso","Q4 — meno efficace ma meno costoso"))

Sheet ROI
B2: ANALISI ROI — Ritorno sull'Investimento a 12, 24, 36 Mesi | iCBT vs Collaborative Care
B3: ROI = (Beneficio Economico Totale − Costo Programma) / Costo Programma × 100 | Tasso sconto: 3.5%
B5: A. PARAMETRI DI BENEFICIO ECONOMICO (€ per paziente/anno)
B6: Parametro | C6: iCBT | D6: Coll. Care | E6: Fonte
B7: Costo assenteismo evitato/paz./anno (€) | C7: 1200 | D7: 1450 | E7: Larg et al. 2012; Zechmeister et al. 2008
B8: Costo presenteismo evitato/paz./anno (€) | C8: 850 | D8: 980 | E8: Media stime letteratura europea
B9: Riduzione accessi PS/paz./anno (€) | C9: 320 | D9: 410 | E9: A&P ev. psichiatrico: ~€600-800/accesso
B10: Riduzione farmaci/paz./anno (€) | C10: 180 | D10: 240 | E10: Antidepressivi + psicofarmaci
B11: Riduzione ricoveri/paz./anno (€) | C11: 280 | D11: 390 | E11: 0.12 ric./paz. × €2.300/ricovero
B12: Beneficio caregiver/paz./anno (€) | C12: 150 | D12: 200 | E12: Riduzione burden familiare
B13: Aumento produttività lavorativa (€) | C13: 420 | D13: 520 | E13: GAF scale improvement → produttività
B14: BENEFICIO ECONOMICO TOTALE/PAZ./ANNO (€) | C14: =SUM(C7:C13) | D14: =SUM(D7:D13)
B16: B. ROI per Orizzonte Temporale (base = 100 pazienti)
B17: Voce | C17: 12 mesi | D17: 12 mesi CC | E17: 24 mesi iCBT | F17: 24 mesi CC | G17: 36 mesi iCBT | H17: 36 mesi CC
B18: Costo programma totale (€) | C18: =Parametri!C23*Parametri!C7 | D18: =Parametri!D23*Parametri!D7 | E18: =Parametri!C23*Parametri!C7 | F18: =Parametri!D23*Parametri!D7 | G18: =Parametri!C23*Parametri!C7 | H18: =Parametri!D23*Parametri!D7
B19: Tasso risposta mantenuta | C19: =Parametri!C34 | D19: =Parametri!D34 | E19: =Parametri!C34 | F19: =Parametri!D34 | G19: =Parametri!C34 | H19: =Parametri!D34
B20: Beneficio lordo anno 1 (€) | C20: =C14*Parametri!C7*D19 | D20: =D14*Parametri!D7*E19 | E20: =C14*Parametri!C7*F19 | F20: =D14*Parametri!D7*G19 | G20: =C14*Parametri!C7*H19 | H20: =D14*Parametri!D7*H19
B21: Beneficio lordo anno 2 (€) | C21: N/A (solo 12 mesi) | D21: N/A | E21: =C14*Parametri!C7*F19/(1+Parametri!C42) | F21: =D14*Parametri!D7*G19/(1+Parametri!D42) | G21: =C14*Parametri!C7*H19/(1+Parametri!C42) | H21: =D14*Parametri!D7*H19/(1+Parametri!D42)
B22: Beneficio lordo anno 3 (€) | C22: N/A | D22: N/A | E22: N/A | F22: N/A | G22: =C14*Parametri!C7*H19/(1+Parametri!C42)^2 | H22: =D14*Parametri!D7*H19/(1+Parametri!D42)^2
B23: Beneficio NETTO totale (€) | C23: =C20-C18 | D23: =E20-D18 | E23: =F20+F21-F18 | F23: =G20+G21-G18 | G23: =G20+G21+G22-G18 | H23: =H20+H21+H22-H18
B24: ROI (%) | C24: =IF(C18=0,"N/A",(C23-C18)/C18) | D24: =IF(D18=0,"N/A",(D23-D18)/D18) | E24: =IF(F18=0,"N/A",(F23-F18)/F18) | F24: =IF(G18=0,"N/A",(G23-G18)/G18) | G24: =IF(G18=0,"N/A",(G23-G18)/G18) | H24: =IF(H18=0,"N/A",(H23-H18)/H18)
B25: Break-even (mesi) | C25: =IF(C14*Parametri!C7*C19=0,"N/A",C18/(C14*Parametri!C7*C19/12)) | D25: =IF(D14*Parametri!D7*D19=0,"N/A",D18/(D14*Parametri!D7*D19/12)) | E25: =IF(C14*Parametri!C7*F19=0,"N/A",F18/(C14*Parametri!C7*F19/12)) | F25: =IF(D14*Parametri!D7*G19=0,"N/A",G18/(D14*Parametri!D7*G19/12)) | G25: =IF(C14*Parametri!C7*G19=0,"N/A",G18/(C14*Parametri!C7*G19/12)) | H25: =IF(D14*Parametri!D7*H19=0,"N/A",H18/(D14*Parametri!D7*H19/12))
B27: C. ROI per Budget Disponibile — Calcolo Pazienti Trattabili
B28: Budget disponibile (€) | C28: Paz. trattabili iCBT | D28: Paz. trattabili CC | E28: ROI programma iCBT | F28: ROI programma CC | G28: Raccomandazione
B29: 50000 | C29: =INT(B29/Parametri!C23) | D29: =INT(B29/Parametri!D23) | E29: =IF(Parametri!C23=0,"N/A",(C29*C14*Parametri!C34-B29)/B29) | F29: =IF(Parametri!D23=0,"N/A",(D29*D14*Parametri!D34-B29)/B29) | G29: =IF(E29="N/A","N/A",IF(AND(C29>D29,E29>F29),"iCBT: più pazienti + ROI >","Coll.Care: migliore ROI"))
B30: 100000 | C30: =INT(B30/Parametri!C23) | D30: =INT(B30/Parametri!D23) | E30: =IF(Parametri!C23=0,"N/A",(C30*C14*Parametri!C34-B30)/B30) | F30: =IF(Parametri!D23=0,"N/A",(D30*D14*Parametri!D34-B30)/B30) | G30: =IF(E30="N/A","N/A",IF(AND(C30>D30,E30>F30),"iCBT: più pazienti + ROI >","Coll.Care: migliore ROI"))
B31: 200000 | C31: =INT(B31/Parametri!C23) | D31: =INT(B31/Parametri!D23) | E31: =IF(Parametri!C23=0,"N/A",(C31*C14*Parametri!C34-B31)/B31) | F31: =IF(Parametri!D23=0,"N/A",(D31*D14*Parametri!D34-B31)/B31) | G31: =IF(E31="N/A","N/A",IF(AND(C31>D31,E31>F31),"iCBT: più pazienti + ROI >","Coll.Care: migliore ROI"))
B32: 500000 | C32: =INT(B32/Parametri!C23) | D32: =INT(B32/Parametri!D23) | E32: =IF(Parametri!C23=0,"N/A",(C32*C14*Parametri!C34-B32)/B32) | F32: =IF(Parametri!D23=0,"N/A",(D32*D14*Parametri!D34-B32)/B32) | G32: =IF(E32="N/A","N/A",IF(AND(C32>D32,E32>F32),"iCBT: più pazienti + ROI >","Coll.Care: migliore ROI"))
B33: 1000000 | C33: =INT(B33/Parametri!C23) | D33: =INT(B33/Parametri!D23) | E33: =IF(Parametri!C23=0,"N/A",(C33*C14*Parametri!C34-B33)/B33) | F33: =IF(Parametri!D23=0,"N/A",(D33*D14*Parametri!D34-B33)/B33) | G33: =IF(E33="N/A","N/A",IF(AND(C33>D33,E33>F33),"iCBT: più pazienti + ROI >","Coll.Care: migliore ROI"))

Sheet Sensibilità
B2: ANALISI DI SENSIBILITÀ — One-Way & Two-Way | iCBT vs Collaborative Care
B3: Modifica i valori in BLU per esplorare scenari. Le colonne ICER si aggiornano in automatico.
B5: A. ANALISI ONE-WAY — Variazione Costo iCBT (Ceteris Paribus)
B6: Costo/paz. iCBT (€) | C6: Variazione % | D6: ΔCosto totale (€) | E6: QALY increm. iCBT | F6: ICER stimato (€/QALY) | G6: Vs Soglia €30k | H6: Giudizio
B7: =Parametri!C23*(1+-0.4) | C7: -0.4 | D7: =(C7-Parametri!C23)*Parametri!C7 | E7: =Analisi_ICER!C23 | F7: =IF(E7=0,"N/A",(Parametri!D23-C7)/E7) | G7: =IF(F7="N/A","N/A",F7/Parametri!C43-1) | H7: =IF(F7="N/A","N/A",IF(F7<Parametri!C43,"✓ Cost-effective","✗ Non cost-eff."))
B8: =Parametri!C23*(1+-0.2) | C8: -0.2 | D8: =(C8-Parametri!C23)*Parametri!C7 | E8: =Analisi_ICER!C23 | F8: =IF(E8=0,"N/A",(Parametri!D23-C8)/E8) | G8: =IF(F8="N/A","N/A",F8/Parametri!C43-1) | H8: =IF(F8="N/A","N/A",IF(F8<Parametri!C43,"✓ Cost-effective","✗ Non cost-eff."))
B9: =Parametri!C23*(1+-0.1) | C9: -0.1 | D9: =(C9-Parametri!C23)*Parametri!C7 | E9: =Analisi_ICER!C23 | F9: =IF(E9=0,"N/A",(Parametri!D23-C9)/E9) | G9: =IF(F9="N/A","N/A",F9/Parametri!C43-1) | H9: =IF(F9="N/A","N/A",IF(F9<Parametri!C43,"✓ Cost-effective","✗ Non cost-eff."))
B10: =Parametri!C23*(1+0) | C10: 0 | D10: =(C10-Parametri!C23)*Parametri!C7 | E10: =Analisi_ICER!C23 | F10: =IF(E10=0,"N/A",(Parametri!D23-C10)/E10) | G10: =IF(F10="N/A","N/A",F10/Parametri!C43-1) | H10: =IF(F10="N/A","N/A",IF(F10<Parametri!C43,"✓ Cost-effective","✗ Non cost-eff."))
B11: =Parametri!C23*(1+0.1) | C11: 0.1 | D11: =(C11-Parametri!C23)*Parametri!C7 | E11: =Analisi_ICER!C23 | F11: =IF(E11=0,"N/A",(Parametri!D23-C11)/E11) | G11: =IF(F11="N/A","N/A",F11/Parametri!C43-1) | H11: =IF(F11="N/A","N/A",IF(F11<Parametri!C43,"✓ Cost-effective","✗ Non cost-eff."))
B12: =Parametri!C23*(1+0.2) | C12: 0.2 | D12: =(C12-Parametri!C23)*Parametri!C7 | E12: =Analisi_ICER!C23 | F12: =IF(E12=0,"N/A",(Parametri!D23-C12)/E12) | G12: =IF(F12="N/A","N/A",F12/Parametri!C43-1) | H12: =IF(F12="N/A","N/A",IF(F12<Parametri!C43,"✓ Cost-effective","✗ Non cost-eff."))
B13: =Parametri!C23*(1+0.4) | C13: 0.4 | D13: =(C13-Parametri!C23)*Parametri!C7 | E13: =Analisi_ICER!C23 | F13: =IF(E13=0,"N/A",(Parametri!D23-C13)/E13) | G13: =IF(F13="N/A","N/A",F13/Parametri!C43-1) | H13: =IF(F13="N/A","N/A",IF(F13<Parametri!C43,"✓ Cost-effective","✗ Non cost-eff."))
B14: =Parametri!C23*(1+0.6) | C14: 0.6 | D14: =(C14-Parametri!C23)*Parametri!C7 | E14: =Analisi_ICER!C23 | F14: =IF(E14=0,"N/A",(Parametri!D23-C14)/E14) | G14: =IF(F14="N/A","N/A",F14/Parametri!C43-1) | H14: =IF(F14="N/A","N/A",IF(F14<Parametri!C43,"✓ Cost-effective","✗ Non cost-eff."))
B16: B. ANALISI ONE-WAY — Variazione Efficacia CC (Tasso Risposta)
B17: Tasso risposta CC | C17: Variazione (pp) | D17: QALY/paz. CC stimato | E17: ΔE vs iCBT | F17: ICER stimato (€/QALY) | G17: Vs Soglia €30k | H17: Giudizio
B18: =Parametri!D27+-0.15 | C18: -0.15 | D18: =Parametri!D36*(C18/Parametri!D27) | E18: =D18-Parametri!C36 | F18: =IF(E18=0,"N/A",(Parametri!D23-Parametri!C23)/E18) | G18: =IF(F18="N/A","N/A",F18/Parametri!C43-1) | H18: =IF(F18="N/A","N/A",IF(F18<Parametri!C43,"✓ Cost-effective","✗ Non cost-eff."))
B19: =Parametri!D27+-0.1 | C19: -0.1 | D19: =Parametri!D36*(C19/Parametri!D27) | E19: =D19-Parametri!C36 | F19: =IF(E19=0,"N/A",(Parametri!D23-Parametri!C23)/E19) | G19: =IF(F19="N/A","N/A",F19/Parametri!C43-1) | H19: =IF(F19="N/A","N/A",IF(F19<Parametri!C43,"✓ Cost-effective","✗ Non cost-eff."))
B20: =Parametri!D27+-0.05 | C20: -0.05 | D20: =Parametri!D36*(C20/Parametri!D27) | E20: =D20-Parametri!C36 | F20: =IF(E20=0,"N/A",(Parametri!D23-Parametri!C23)/E20) | G20: =IF(F20="N/A","N/A",F20/Parametri!C43-1) | H20: =IF(F20="N/A","N/A",IF(F20<Parametri!C43,"✓ Cost-effective","✗ Non cost-eff."))
B21: =Parametri!D27+0 | C21: 0 | D21: =Parametri!D36*(C21/Parametri!D27) | E21: =D21-Parametri!C36 | F21: =IF(E21=0,"N/A",(Parametri!D23-Parametri!C23)/E21) | G21: =IF(F21="N/A","N/A",F21/Parametri!C43-1) | H21: =IF(F21="N/A","N/A",IF(F21<Parametri!C43,"✓ Cost-effective","✗ Non cost-eff."))
B22: =Parametri!D27+0.05 | C22: 0.05 | D22: =Parametri!D36*(C22/Parametri!D27) | E22: =D22-Parametri!C36 | F22: =IF(E22=0,"N/A",(Parametri!D23-Parametri!C23)/E22) | G22: =IF(F22="N/A","N/A",F22/Parametri!C43-1) | H22: =IF(F22="N/A","N/A",IF(F22<Parametri!C43,"✓ Cost-effective","✗ Non cost-eff."))
B23: =Parametri!D27+0.1 | C23: 0.1 | D23: =Parametri!D36*(C23/Parametri!D27) | E23: =D23-Parametri!C36 | F23: =IF(E23=0,"N/A",(Parametri!D23-Parametri!C23)/E23) | G23: =IF(F23="N/A","N/A",F23/Parametri!C43-1) | H23: =IF(F23="N/A","N/A",IF(F23<Parametri!C43,"✓ Cost-effective","✗ Non cost-eff."))
B24: =Parametri!D27+0.15 | C24: 0.15 | D24: =Parametri!D36*(C24/Parametri!D27) | E24: =D24-Parametri!C36 | F24: =IF(E24=0,"N/A",(Parametri!D23-Parametri!C23)/E24) | G24: =IF(F24="N/A","N/A",F24/Parametri!C43-1) | H24: =IF(F24="N/A","N/A",IF(F24<Parametri!C43,"✓ Cost-effective","✗ Non cost-eff."))
B25: =Parametri!D27+0.2 | C25: 0.2 | D25: =Parametri!D36*(C25/Parametri!D27) | E25: =D25-Parametri!C36 | F25: =IF(E25=0,"N/A",(Parametri!D23-Parametri!C23)/E25) | G25: =IF(F25="N/A","N/A",F25/Parametri!C43-1) | H25: =IF(F25="N/A","N/A",IF(F25<Parametri!C43,"✓ Cost-effective","✗ Non cost-eff."))
B27: C. ANALISI TWO-WAY — ICER (€/QALY) | Righe: Costo iCBT · Colonne: Risposta CC
B28: Legenda: Verde ✓ = ICER < soglia WTP (cost-effective) | Rosso ✗ = ICER > soglia (non cost-effective)
B29: Costo iCBT ↓ / Resp.CC → | C29: 0.45 | D29: 0.5 | E29: 0.55 | F29: 0.61 | G29: 0.65 | H29: 0.7
B30: 300 | C30: =IF((Parametri!D36*(0.45/Parametri!D27)-Parametri!C36)=0,"N/A",(Parametri!D23-300)/(Parametri!D36*(0.45/Parametri!D27)-Parametri!C36)) | D30: =IF((Parametri!D36*(0.5/Parametri!D27)-Parametri!C36)=0,"N/A",(Parametri!D23-300)/(Parametri!D36*(0.5/Parametri!D27)-Parametri!C36)) | E30: =IF((Parametri!D36*(0.55/Parametri!D27)-Parametri!C36)=0,"N/A",(Parametri!D23-300)/(Parametri!D36*(0.55/Parametri!D27)-Parametri!C36)) | F30: =IF((Parametri!D36*(0.61/Parametri!D27)-Parametri!C36)=0,"N/A",(Parametri!D23-300)/(Parametri!D36*(0.61/Parametri!D27)-Parametri!C36)) | G30: =IF((Parametri!D36*(0.65/Parametri!D27)-Parametri!C36)=0,"N/A",(Parametri!D23-300)/(Parametri!D36*(0.65/Parametri!D27)-Parametri!C36)) | H30: =IF((Parametri!D36*(0.7/Parametri!D27)-Parametri!C36)=0,"N/A",(Parametri!D23-300)/(Parametri!D36*(0.7/Parametri!D27)-Parametri!C36))
B31: 400 | C31: =IF((Parametri!D36*(0.45/Parametri!D27)-Parametri!C36)=0,"N/A",(Parametri!D23-400)/(Parametri!D36*(0.45/Parametri!D27)-Parametri!C36)) | D31: =IF((Parametri!D36*(0.5/Parametri!D27)-Parametri!C36)=0,"N/A",(Parametri!D23-400)/(Parametri!D36*(0.5/Parametri!D27)-Parametri!C36)) | E31: =IF((Parametri!D36*(0.55/Parametri!D27)-Parametri!C36)=0,"N/A",(Parametri!D23-400)/(Parametri!D36*(0.55/Parametri!D27)-Parametri!C36)) | F31: =IF((Parametri!D36*(0.61/Parametri!D27)-Parametri!C36)=0,"N/A",(Parametri!D23-400)/(Parametri!D36*(0.61/Parametri!D27)-Parametri!C36)) | G31: =IF((Parametri!D36*(0.65/Parametri!D27)-Parametri!C36)=0,"N/A",(Parametri!D23-400)/(Parametri!D36*(0.65/Parametri!D27)-Parametri!C36)) | H31: =IF((Parametri!D36*(0.7/Parametri!D27)-Parametri!C36)=0,"N/A",(Parametri!D23-400)/(Parametri!D36*(0.7/Parametri!D27)-Parametri!C36))
B32: 510 | C32: =IF((Parametri!D36*(0.45/Parametri!D27)-Parametri!C36)=0,"N/A",(Parametri!D23-510)/(Parametri!D36*(0.45/Parametri!D27)-Parametri!C36)) | D32: =IF((Parametri!D36*(0.5/Parametri!D27)-Parametri!C36)=0,"N/A",(Parametri!D23-510)/(Parametri!D36*(0.5/Parametri!D27)-Parametri!C36)) | E32: =IF((Parametri!D36*(0.55/Parametri!D27)-Parametri!C36)=0,"N/A",(Parametri!D23-510)/(Parametri!D36*(0.55/Parametri!D27)-Parametri!C36)) | F32: =IF((Parametri!D36*(0.61/Parametri!D27)-Parametri!C36)=0,"N/A",(Parametri!D23-510)/(Parametri!D36*(0.61/Parametri!D27)-Parametri!C36)) | G32: =IF((Parametri!D36*(0.65/Parametri!D27)-Parametri!C36)=0,"N/A",(Parametri!D23-510)/(Parametri!D36*(0.65/Parametri!D27)-Parametri!C36)) | H32: =IF((Parametri!D36*(0.7/Parametri!D27)-Parametri!C36)=0,"N/A",(Parametri!D23-510)/(Parametri!D36*(0.7/Parametri!D27)-Parametri!C36))
B33: 610 | C33: =IF((Parametri!D36*(0.45/Parametri!D27)-Parametri!C36)=0,"N/A",(Parametri!D23-610)/(Parametri!D36*(0.45/Parametri!D27)-Parametri!C36)) | D33: =IF((Parametri!D36*(0.5/Parametri!D27)-Parametri!C36)=0,"N/A",(Parametri!D23-610)/(Parametri!D36*(0.5/Parametri!D27)-Parametri!C36)) | E33: =IF((Parametri!D36*(0.55/Parametri!D27)-Parametri!C36)=0,"N/A",(Parametri!D23-610)/(Parametri!D36*(0.55/Parametri!D27)-Parametri!C36)) | F33: =IF((Parametri!D36*(0.61/Parametri!D27)-Parametri!C36)=0,"N/A",(Parametri!D23-610)/(Parametri!D36*(0.61/Parametri!D27)-Parametri!C36)) | G33: =IF((Parametri!D36*(0.65/Parametri!D27)-Parametri!C36)=0,"N/A",(Parametri!D23-610)/(Parametri!D36*(0.65/Parametri!D27)-Parametri!C36)) | H33: =IF((Parametri!D36*(0.7/Parametri!D27)-Parametri!C36)=0,"N/A",(Parametri!D23-610)/(Parametri!D36*(0.7/Parametri!D27)-Parametri!C36))
B34: 750 | C34: =IF((Parametri!D36*(0.45/Parametri!D27)-Parametri!C36)=0,"N/A",(Parametri!D23-750)/(Parametri!D36*(0.45/Parametri!D27)-Parametri!C36)) | D34: =IF((Parametri!D36*(0.5/Parametri!D27)-Parametri!C36)=0,"N/A",(Parametri!D23-750)/(Parametri!D36*(0.5/Parametri!D27)-Parametri!C36)) | E34: =IF((Parametri!D36*(0.55/Parametri!D27)-Parametri!C36)=0,"N/A",(Parametri!D23-750)/(Parametri!D36*(0.55/Parametri!D27)-Parametri!C36)) | F34: =IF((Parametri!D36*(0.61/Parametri!D27)-Parametri!C36)=0,"N/A",(Parametri!D23-750)/(Parametri!D36*(0.61/Parametri!D27)-Parametri!C36)) | G34: =IF((Parametri!D36*(0.65/Parametri!D27)-Parametri!C36)=0,"N/A",(Parametri!D23-750)/(Parametri!D36*(0.65/Parametri!D27)-Parametri!C36)) | H34: =IF((Parametri!D36*(0.7/Parametri!D27)-Parametri!C36)=0,"N/A",(Parametri!D23-750)/(Parametri!D36*(0.7/Parametri!D27)-Parametri!C36))
B35: 900 | C35: =IF((Parametri!D36*(0.45/Parametri!D27)-Parametri!C36)=0,"N/A",(Parametri!D23-900)/(Parametri!D36*(0.45/Parametri!D27)-Parametri!C36)) | D35: =IF((Parametri!D36*(0.5/Parametri!D27)-Parametri!C36)=0,"N/A",(Parametri!D23-900)/(Parametri!D36*(0.5/Parametri!D27)-Parametri!C36)) | E35: =IF((Parametri!D36*(0.55/Parametri!D27)-Parametri!C36)=0,"N/A",(Parametri!D23-900)/(Parametri!D36*(0.55/Parametri!D27)-Parametri!C36)) | F35: =IF((Parametri!D36*(0.61/Parametri!D27)-Parametri!C36)=0,"N/A",(Parametri!D23-900)/(Parametri!D36*(0.61/Parametri!D27)-Parametri!C36)) | G35: =IF((Parametri!D36*(0.65/Parametri!D27)-Parametri!C36)=0,"N/A",(Parametri!D23-900)/(Parametri!D36*(0.65/Parametri!D27)-Parametri!C36)) | H35: =IF((Parametri!D36*(0.7/Parametri!D27)-Parametri!C36)=0,"N/A",(Parametri!D23-900)/(Parametri!D36*(0.7/Parametri!D27)-Parametri!C36))
B37: D. TORNADO — Impatto Parametri sull'ICER (da letteratura)
B38: Parametro | C38: Valore basso | D38: Valore base | E38: Valore alto | F38: Range ICER basso | G38: Range ICER alto | H38: Ampiezza range (€)
B39: Costo terapista iCBT (€) | C39: 40 | D39: 80 | E39: 120 | F39: 8500 | G39: 42000 | H39: =G39-F39
B40: QALY guadagnato CC anno 1 | C40: 0.04 | D40: 0.062 | E40: 0.09 | F40: 6000 | G40: 68000 | H40: =G40-F40
B41: Tasso risposta CC (%) | C41: 0.5 | D41: 0.61 | E41: 0.72 | F41: 4000 | G41: 55000 | H41: =G41-F41
B42: Costo programma CC (€) | C42: 650 | D42: 850 | E42: 1100 | F42: 3500 | G42: 48000 | H42: =G42-F42
B43: Soglia WTP (€/QALY) | C43: 20000 | D43: 30000 | E43: 45000 | F43: 0 | G43: 0 | H43: Range WTP cambia giudizio, non ICER
B44: Tasso abbandono iCBT (%) | C44: 0.15 | D44: 0.28 | E44: 0.4 | F44: 9000 | G44: 36000 | H44: =G44-F44
B45: Sconto temporale (%) | C45: 0.015 | D45: 0.035 | E45: 0.05 | F45: 2000 | G45: 18000 | H45: =G45-F45
