Workbook

Sheet Parametri
B2: MODELLO COMPARATIVO PRODUTTIVITÀ — HCA vs FCA
B3: Parametri Globali di Input — modificare le celle evidenziate in blu
B5: DATI OCCUPAZIONALI
B6: Salario medio annuo lordo (€) | C6: 35000 | D6: 📝 Nota: | E6: Fonte: ISTAT; modificabile
B7: Giorni lavorativi per anno | C7: 220 | D7: 📝 Nota: | E7: Standard contrattuale italiano
B8: Salario medio giornaliero (€) | C8: =C6/C7 -> 159.09091 | D8: 📝 Nota: | E8: Calcolato automaticamente
B9: Ore lavorative per giorno | C9: 8 | D9: 📝 Nota: | E9: Standard 8h
B10: Salario medio orario (€) | C10: =C8/C9 -> 19.886364 | D10: 📝 Nota: | E10: Calcolato automaticamente
B12: PARAMETRI ASSENZA PER MOTIVI PSICOLOGICI
B13: Durata media assenza pre-trattamento (giorni) | C13: 25 | D13: 📝 Nota: | E13: Modificabile: media letteratura 20-35 gg
B14: Durata media assenza post-trattamento (giorni) | C14: 10 | D14: 📝 Nota: | E14: Modificabile: stima riduzione 40-60%
B15: Riduzione giorni di assenza (giorni) | C15: =C13-C14 -> 15 | D15: 📝 Nota: | E15: Differenza pre-post trattamento
B16: N° dipendenti target per anno | C16: 100 | D16: 📝 Nota: | E16: Popolazione aziendale trattata
B17: Prevalenza disturbi ansia/depressione (%) | C17: 0.2 | D17: 📝 Nota: | E17: Fonte: WHO; EU ~20%
B18: N° casi attesi per anno | C18: =C16*C17 -> 20 | D18: 📝 Nota: | E18: Dipendenti*prevalenza
B21: PARAMETRI METODO FCA (Costi Frizionali)
B22: Periodo di frizione stimato (giorni) | C22: 90 | D22: 📝 Nota: | E22: Tempo medio di sostituzione lavoratore; range 60-120 gg
B23: Tasso di disoccupazione locale (%) | C23: 0.07 | D23: 📝 Nota: | E23: Fonte: ISTAT; modifica per area geografica
B24: Fattore job-shift / sostituzione | C24: =MIN(C22/C13,1) -> 1 | D24: 📝 Nota: | E24: Proporzione assenza entro periodo frizione (max=1)
B25: Correzione disoccupazione (Koopmanschap 1995) | C25: =1-C23 -> 0.93 | D25: 📝 Nota: | E25: Riduzione HCA per alta disoccupazione
B26: Costo reclutamento e formazione (% salario ann). | C26: 0.15 | D26: 📝 Nota: | E26: Stima: 15% salario annuo; modificabile
B27: Perdita produttività parziale (presenteeismo %) | C27: 0.3 | D27: 📝 Nota: | E27: Perdita produttività pur in presenza; range 0.20-0.40
B29: COSTI DEI TRATTAMENTI
B30: Costo iCBT per paziente (€) | C30: 300 | D30: 📝 Nota: | E30: Online CBT guidata: range 200-500 €/paz
B31: Costo Collaborative Care per paziente (€) | C31: 1200 | D31: 📝 Nota: | E31: Team multidisciplinare: range 800-1800 €/paz
B32: Costo standard trattamento abitual (€/paz) | C32: 600 | D32: 📝 Nota: | E32: Baseline TAU (Treatment As Usual)
B33: Tasso di successo iCBT (%) | C33: 0.6 | D33: 📝 Nota: | E33: Remissione sintomi; fonte: metanalisi
B34: Tasso di successo Collaborative Care (%) | C34: 0.75 | D34: 📝 Nota: | E34: Remissione sintomi; fonte: NICE/ISTC
B35: Tasso aggiustamento inflazione annuo (%) | C35: 0.025 | D35: 📝 Nota: | E35: Per proiezioni pluriennali
B38: LEGENDA COLORI
B39: ■ Testo BLU | C39: Celle di input — modificare liberamente
B40: ■ Testo NERO | C40: Formule calcolate — non modificare
B41: ■ Testo VERDE | C41: Collegamento da altro foglio

Sheet iCBT
B2: ANALISI PRODUTTIVITÀ — ICBT
B3: Metodo del Capitale Umano (HCA) vs Costi Frizionali (FCA) · Correzioni job-shift e disoccupazione (Koopmanschap & Rutten, 1995)
B5: COMPONENTE DI CALCOLO | C5: FORMULA / METODO | D5: HCA (€) | E5: FCA (€) | F5: DIFFERENZA HCA-FCA (€)
B6: A. PARAMETRI RICHIAMATI DA FOGLIO 'Parametri'
B7: Salario giornaliero medio (€) | C7: =Parametri!C8 -> 159.09091
B8: Giorni assenza PRE-trattamento | C8: =Parametri!C13 -> 25
B9: Giorni assenza POST-trattamento | C9: =Parametri!C14 -> 10
B10: Riduzione giorni assenza | C10: =Parametri!C15 -> 15
B11: Numero casi trattati per anno | C11: =Parametri!C18 -> 20
B12: Periodo frizione (giorni) | C12: =Parametri!C22 -> 90
B13: Tasso disoccupazione (%) | C13: =Parametri!C23 -> 0.07
B14: Fattore job-shift (frizione/assenza) | C14: =Parametri!C24 -> 1
B15: Correzione disoccupazione | C15: =Parametri!C25 -> 0.93
B16: Tasso di successo trattamento (%) | C16: =Parametri!C33 -> 0.6
B17: Costo trattamento per paziente (€) | C17: =Parametri!C30 -> 300
B18: Tasso inflazione annuo (%) | C18: =Parametri!C35 -> 0.025
B20: B. CALCOLO RISPARMIO ANNUO — Anno Base
B21: 1a. Perdita produttività PRE (per lavoratore, €) | C21: =C8*C7 -> 3977.2727 | D21: =MIN(C12,C8)*C7 -> 3977.2727 | E21: =C21-D21 -> 0 | F21: HCA: giorni_assenza_pre × salario_gg | FCA: min(frizione, giorni_pre) × salario_gg
B22: 1b. Perdita produttività POST trattamento (per lavoratore, €) | C22: =C9*C7 -> 1590.9091 | D22: =MIN(C12,C9)*C7 -> 1590.9091 | E22: =C22-D22 -> 0 | F22: HCA: giorni_post × salario_gg | FCA: min(frizione, giorni_post) × salario_gg
B23: 2. Risparmio lordo per caso trattato (€) | C23: =C21-C22 -> 2386.3636 | D23: =D21-D22 -> 2386.3636 | E23: =C23-D23 -> 0 | F23: Differenza perdita pre−post trattamento
B24: 3. Correzione per tasso di successo | C24: =C23*C16 -> 1431.8182 | D24: =D23*C16 -> 1431.8182 | E24: =C24-D24 -> 0 | F24: Moltiplicato per tasso_successo
B25: 4. Correzione job-shift (solo FCA) | C25: =C24 -> 1431.8182 | D25: =D24*C14 -> 1431.8182 | E25: =C25-D25 -> 0 | F25: HCA: nessuna correzione | FCA: × fattore_job_shift
B26: 5. Correzione disoccupazione (Koopmanschap) | C26: =C25*(1-C13) -> 1331.5909 | D26: =D25 -> 1431.8182 | E26: =C26-D26 -> -100.22727 | F26: HCA: × (1−u) | FCA: già incorporata
B27: 6. Risparmio netto per caso (€) — dopo correzioni | C27: =C26 -> 1331.5909 | D27: =D26 -> 1431.8182 | E27: =C27-D27 -> -100.22727 | F27: Valore post-correzioni metodologiche
B28: 7. Risparmio aggregato su tutti i casi (€) | C28: =C27*C11 -> 26631.818 | D28: =D27*C11 -> 28636.364 | E28: =C28-D28 -> -2004.5455 | F28: Risparmio_netto × n°_casi
B29: 8. Costo totale del programma (€) | C29: =C17*C11 -> 6000 | D29: =C17*C11 -> 6000 | E29: =C29-D29 -> 0 | F29: Costo_per_paz × n°_casi
B30: 9. RISPARMIO NETTO PRODUTTIVITÀ (€) — Anno 1 | C30: =C28-C29 -> 20631.818 | D30: =D28-D29 -> 22636.364 | E30: =C30-D30 -> -2004.5455 | F30: Risparmio_aggregato − Costo_programma
B32: C. PROIEZIONI RISPARMIO NETTO (con rivalutazione inflazione)
B33: ORIZZONTE | C33: HCA — Risparmio cumulato (€) | D33: FCA — Risparmio cumulato (€) | E33: Differenza HCA−FCA (€) | F33: ROI netto HCA (%)
B34: Anno 1 | C34: =C30 -> 20631.818 | D34: =D30 -> 22636.364 | E34: =C34-D34 -> -2004.5455 | F34: =IFERROR((C34-C29)/ABS(C29),0) -> 2.4386364
B35: Anno 3 (cumulato) | C35: =C30*(((1+C18)^3-1)/C18) -> 63455.736 | D35: =D30*(((1+C18)^3-1)/C18) -> 69620.966 | E35: =C35-D35 -> -6165.2301 | F35: =IFERROR((C35-(C17*C11*3))/(ABS(C17*C11*3)),0) -> 2.5253187
B36: Anno 5 (cumulato) | C36: =C30*(((1+C18)^5-1)/C18) -> 108447.61 | D36: =D30*(((1+C18)^5-1)/C18) -> 118984.16 | E36: =C36-D36 -> -10536.549 | F36: =IFERROR((C36-(C17*C11*5))/(ABS(C17*C11*5)),0) -> 2.6149205
B38: D. NOTE METODOLOGICHE
B39: • HCA (Human Capital Approach): misura la perdita di produttività in base al salario di mercato × giorni di assenza. Tende a sovrastimare i costi in contesti di alta disoccupazione.
B40: • FCA (Friction Cost Approach, Koopmanschap & Rutten 1995): considera solo la perdita produttiva durante il 'periodo di frizione', ovvero il tempo necessario a trovare e formare un sostituto. Più conservativo dell'HCA.
B41: • Correzione job-shift: se un collega assorbe temporaneamente il lavoro (job-shift), la perdita reale è ridotta. Il fattore job-shift = MIN(frizione/assenza, 1).
B42: • Correzione disoccupazione: in presenza di disoccupazione, il posto vuoto viene facilmente coperto → l'HCA viene ridotto per (1 − tasso disoccupazione) per avvicinarsi alla perdita reale.
B43: • Presenteeismo non incluso in questa versione base: il parametro 'perdita produttività parziale' è disponibile come estensione nei Parametri.
B44: • Fonti: Koopmanschap MA et al. (1995) J Health Econ 14:171-189; Lerner D et al. (2004) JOEM; NICE Guidelines Depression Workplace (2009).

Sheet Collaborative Care
B2: ANALISI PRODUTTIVITÀ — COLLABORATIVE CARE
B3: Metodo del Capitale Umano (HCA) vs Costi Frizionali (FCA) · Correzioni job-shift e disoccupazione (Koopmanschap & Rutten, 1995)
B5: COMPONENTE DI CALCOLO | C5: FORMULA / METODO | D5: HCA (€) | E5: FCA (€) | F5: DIFFERENZA HCA-FCA (€)
B6: A. PARAMETRI RICHIAMATI DA FOGLIO 'Parametri'
B7: Salario giornaliero medio (€) | C7: =Parametri!C8 -> 159.09091
B8: Giorni assenza PRE-trattamento | C8: =Parametri!C13 -> 25
B9: Giorni assenza POST-trattamento | C9: =Parametri!C14 -> 10
B10: Riduzione giorni assenza | C10: =Parametri!C15 -> 15
B11: Numero casi trattati per anno | C11: =Parametri!C18 -> 20
B12: Periodo frizione (giorni) | C12: =Parametri!C22 -> 90
B13: Tasso disoccupazione (%) | C13: =Parametri!C23 -> 0.07
B14: Fattore job-shift (frizione/assenza) | C14: =Parametri!C24 -> 1
B15: Correzione disoccupazione | C15: =Parametri!C25 -> 0.93
B16: Tasso di successo trattamento (%) | C16: =Parametri!C34 -> 0.75
B17: Costo trattamento per paziente (€) | C17: =Parametri!C31 -> 1200
B18: Tasso inflazione annuo (%) | C18: =Parametri!C35 -> 0.025
B20: B. CALCOLO RISPARMIO ANNUO — Anno Base
B21: 1a. Perdita produttività PRE (per lavoratore, €) | C21: =C8*C7 -> 3977.2727 | D21: =MIN(C12,C8)*C7 -> 3977.2727 | E21: =C21-D21 -> 0 | F21: HCA: giorni_assenza_pre × salario_gg | FCA: min(frizione, giorni_pre) × salario_gg
B22: 1b. Perdita produttività POST trattamento (per lavoratore, €) | C22: =C9*C7 -> 1590.9091 | D22: =MIN(C12,C9)*C7 -> 1590.9091 | E22: =C22-D22 -> 0 | F22: HCA: giorni_post × salario_gg | FCA: min(frizione, giorni_post) × salario_gg
B23: 2. Risparmio lordo per caso trattato (€) | C23: =C21-C22 -> 2386.3636 | D23: =D21-D22 -> 2386.3636 | E23: =C23-D23 -> 0 | F23: Differenza perdita pre−post trattamento
B24: 3. Correzione per tasso di successo | C24: =C23*C16 -> 1789.7727 | D24: =D23*C16 -> 1789.7727 | E24: =C24-D24 -> 0 | F24: Moltiplicato per tasso_successo
B25: 4. Correzione job-shift (solo FCA) | C25: =C24 -> 1789.7727 | D25: =D24*C14 -> 1789.7727 | E25: =C25-D25 -> 0 | F25: HCA: nessuna correzione | FCA: × fattore_job_shift
B26: 5. Correzione disoccupazione (Koopmanschap) | C26: =C25*(1-C13) -> 1664.4886 | D26: =D25 -> 1789.7727 | E26: =C26-D26 -> -125.28409 | F26: HCA: × (1−u) | FCA: già incorporata
B27: 6. Risparmio netto per caso (€) — dopo correzioni | C27: =C26 -> 1664.4886 | D27: =D26 -> 1789.7727 | E27: =C27-D27 -> -125.28409 | F27: Valore post-correzioni metodologiche
B28: 7. Risparmio aggregato su tutti i casi (€) | C28: =C27*C11 -> 33289.773 | D28: =D27*C11 -> 35795.455 | E28: =C28-D28 -> -2505.6818 | F28: Risparmio_netto × n°_casi
B29: 8. Costo totale del programma (€) | C29: =C17*C11 -> 24000 | D29: =C17*C11 -> 24000 | E29: =C29-D29 -> 0 | F29: Costo_per_paz × n°_casi
B30: 9. RISPARMIO NETTO PRODUTTIVITÀ (€) — Anno 1 | C30: =C28-C29 -> 9289.7727 | D30: =D28-D29 -> 11795.455 | E30: =C30-D30 -> -2505.6818 | F30: Risparmio_aggregato − Costo_programma
B32: C. PROIEZIONI RISPARMIO NETTO (con rivalutazione inflazione)
B33: ORIZZONTE | C33: HCA — Risparmio cumulato (€) | D33: FCA — Risparmio cumulato (€) | E33: Differenza HCA−FCA (€) | F33: ROI netto HCA (%)
B34: Anno 1 | C34: =C30 -> 9289.7727 | D34: =D30 -> 11795.455 | E34: =C34-D34 -> -2505.6818 | F34: =IFERROR((C34-C29)/ABS(C29),0) -> -0.61292614
B35: Anno 3 (cumulato) | C35: =C30*(((1+C18)^3-1)/C18) -> 28571.857 | D35: =D30*(((1+C18)^3-1)/C18) -> 36278.395 | E35: =C35-D35 -> -7706.5376 | F35: =IFERROR((C35-(C17*C11*3))/(ABS(C17*C11*3)),0) -> -0.60316865
B36: Anno 5 (cumulato) | C36: =C30*(((1+C18)^5-1)/C18) -> 48830.097 | D36: =D30*(((1+C18)^5-1)/C18) -> 62000.784 | E36: =C36-D36 -> -13170.687 | F36: =IFERROR((C36-(C17*C11*5))/(ABS(C17*C11*5)),0) -> -0.59308252
B38: D. NOTE METODOLOGICHE
B39: • HCA (Human Capital Approach): misura la perdita di produttività in base al salario di mercato × giorni di assenza. Tende a sovrastimare i costi in contesti di alta disoccupazione.
B40: • FCA (Friction Cost Approach, Koopmanschap & Rutten 1995): considera solo la perdita produttiva durante il 'periodo di frizione', ovvero il tempo necessario a trovare e formare un sostituto. Più conservativo dell'HCA.
B41: • Correzione job-shift: se un collega assorbe temporaneamente il lavoro (job-shift), la perdita reale è ridotta. Il fattore job-shift = MIN(frizione/assenza, 1).
B42: • Correzione disoccupazione: in presenza di disoccupazione, il posto vuoto viene facilmente coperto → l'HCA viene ridotto per (1 − tasso disoccupazione) per avvicinarsi alla perdita reale.
B43: • Presenteeismo non incluso in questa versione base: il parametro 'perdita produttività parziale' è disponibile come estensione nei Parametri.
B44: • Fonti: Koopmanschap MA et al. (1995) J Health Econ 14:171-189; Lerner D et al. (2004) JOEM; NICE Guidelines Depression Workplace (2009).

Sheet Confronto Comparativo
B2: CONFRONTO COMPARATIVO — iCBT vs Collaborative Care
B3: Riepilogo sintetico degli impatti economici stimati con metodi HCA e FCA · Tutti i valori provengono da calcoli nei fogli dedicati
B5: INDICATORE | C5: iCBT — HCA (€) | D5: iCBT — FCA (€) | E5: Coll. Care — HCA (€) | F5: Coll. Care — FCA (€) | G5: Vantaggio iCBT vs CC (HCA)
B6: Risparmio netto Anno 1 | C6: =iCBT!C30 -> 20631.818 | D6: =iCBT!D30 -> 22636.364 | E6: ='Collaborative Care'!C30 -> 9289.7727 | F6: ='Collaborative Care'!D30 -> 11795.455 | G6: =C6-E6 -> 11342.045
B7: Costo programma Anno 1 | C7: =iCBT!C29 -> 6000 | D7: =iCBT!D29 -> 6000 | E7: ='Collaborative Care'!C29 -> 24000 | F7: ='Collaborative Care'!D29 -> 24000 | G7: =C7-E7 -> -18000
B8: Risparmio netto cumulato Anno 3 | C8: =iCBT!C35 -> 63455.736 | D8: =iCBT!D35 -> 69620.966 | E8: ='Collaborative Care'!C35 -> 28571.857 | F8: ='Collaborative Care'!D35 -> 36278.395 | G8: =C8-E8 -> 34883.879
B9: Risparmio netto cumulato Anno 5 | C9: =iCBT!C36 -> 108447.61 | D9: =iCBT!D36 -> 118984.16 | E9: ='Collaborative Care'!C36 -> 48830.097 | F9: ='Collaborative Care'!D36 -> 62000.784 | G9: =C9-E9 -> 59617.517
B10: ROI netto Anno 1 (HCA) | C10: =iCBT!F34 -> 2.4386364 | D10: — | E10: ='Collaborative Care'!F34 -> -0.61292614 | F10: — | G10: =IFERROR(C10-E10,"N/D") -> 3.0515625
B11: ROI netto Anno 3 (HCA) | C11: =iCBT!F35 -> 2.5253187 | D11: — | E11: ='Collaborative Care'!F35 -> -0.60316865 | F11: — | G11: =IFERROR(C11-E11,"N/D") -> 3.1284873
B12: ROI netto Anno 5 (HCA) | C12: =iCBT!F36 -> 2.6149205 | D12: — | E12: ='Collaborative Care'!F36 -> -0.59308252 | F12: — | G12: =IFERROR(C12-E12,"N/D") -> 3.208003
B15: ANALISI DI SENSIBILITÀ — Impatto del Tasso di Disoccupazione su HCA (Anno 1, iCBT)
B16: Tasso disoccupazione (%) | C16: Fattore correzione | D16: HCA corretto — risparmio per caso (€) | E16: HCA corretto — totale Anno 1 (€) | F16: FCA — totale Anno 1 (€) | G16: Bias HCA vs FCA (%)
B17: 0 | C17: =1-B17 -> 1 | D17: =(Parametri!C13-Parametri!C14)*Parametri!C8*Parametri!C33*(1-B17) -> 1431.8182 | E17: =D17*Parametri!C18-Parametri!C30*Parametri!C18 -> 22636.364 | F17: =iCBT!D30 -> 22636.364 | G17: =IFERROR((E17-F17)/ABS(F17),0) -> 0
B18: 0.03 | C18: =1-B18 -> 0.97 | D18: =(Parametri!C13-Parametri!C14)*Parametri!C8*Parametri!C33*(1-B18) -> 1388.8636 | E18: =D18*Parametri!C18-Parametri!C30*Parametri!C18 -> 21777.273 | F18: =iCBT!D30 -> 22636.364 | G18: =IFERROR((E18-F18)/ABS(F18),0) -> -0.037951807
B19: 0.05 | C19: =1-B19 -> 0.95 | D19: =(Parametri!C13-Parametri!C14)*Parametri!C8*Parametri!C33*(1-B19) -> 1360.2273 | E19: =D19*Parametri!C18-Parametri!C30*Parametri!C18 -> 21204.545 | F19: =iCBT!D30 -> 22636.364 | G19: =IFERROR((E19-F19)/ABS(F19),0) -> -0.063253012
B20: 0.07 | C20: =1-B20 -> 0.93 | D20: =(Parametri!C13-Parametri!C14)*Parametri!C8*Parametri!C33*(1-B20) -> 1331.5909 | E20: =D20*Parametri!C18-Parametri!C30*Parametri!C18 -> 20631.818 | F20: =iCBT!D30 -> 22636.364 | G20: =IFERROR((E20-F20)/ABS(F20),0) -> -0.088554217
B21: 0.1 | C21: =1-B21 -> 0.9 | D21: =(Parametri!C13-Parametri!C14)*Parametri!C8*Parametri!C33*(1-B21) -> 1288.6364 | E21: =D21*Parametri!C18-Parametri!C30*Parametri!C18 -> 19772.727 | F21: =iCBT!D30 -> 22636.364 | G21: =IFERROR((E21-F21)/ABS(F21),0) -> -0.12650602
B22: 0.12 | C22: =1-B22 -> 0.88 | D22: =(Parametri!C13-Parametri!C14)*Parametri!C8*Parametri!C33*(1-B22) -> 1260 | E22: =D22*Parametri!C18-Parametri!C30*Parametri!C18 -> 19200 | F22: =iCBT!D30 -> 22636.364 | G22: =IFERROR((E22-F22)/ABS(F22),0) -> -0.15180723
B23: 0.15 | C23: =1-B23 -> 0.85 | D23: =(Parametri!C13-Parametri!C14)*Parametri!C8*Parametri!C33*(1-B23) -> 1217.0455 | E23: =D23*Parametri!C18-Parametri!C30*Parametri!C18 -> 18340.909 | F23: =iCBT!D30 -> 22636.364 | G23: =IFERROR((E23-F23)/ABS(F23),0) -> -0.18975904
B24: 0.2 | C24: =1-B24 -> 0.8 | D24: =(Parametri!C13-Parametri!C14)*Parametri!C8*Parametri!C33*(1-B24) -> 1145.4545 | E24: =D24*Parametri!C18-Parametri!C30*Parametri!C18 -> 16909.091 | F24: =iCBT!D30 -> 22636.364 | G24: =IFERROR((E24-F24)/ABS(F24),0) -> -0.25301205
B26: ★ La riga evidenziata in giallo corrisponde al valore di default impostato in 'Parametri'!C23. Modificando il tasso di disoccupazione in 'Parametri', il foglio si aggiorna automaticamente.
