Workbook

Sheet Istruzioni
B2: GUIDA OPERATIVA — Tornado Diagram BIA
B4: 📁 STRUTTURA DEL FILE — 4 Fogli
B5: 1 | C5: Dati_BIA | D5: Foglio di INPUT. Inserisci qui tutti i dati: parametri scenario, variabili di rischio, valori Min/Nominale/Max e note. Le colonne G, H, I si calcolano automaticamente.
B6: 2 | C6: Calcoli | D6: Foglio di ELABORAZIONE (sola lettura). Ordina automaticamente le variabili per ampiezza di variazione usando LARGE(). Non modificare questo foglio.
B7: 3 | C7: Tornado_Chart | D7: Foglio del GRAFICO. Visualizza il Tornado Diagram aggiornato automaticamente. Il grafico a barre speculari mostra Low (rosso) e High (teal) rispetto alla baseline.
B8: 4 | C8: Istruzioni | D8: Questo foglio. Guida operativa completa per l'utilizzo e l'aggiornamento del modello.
B10: ✏️ COME AGGIORNARE I DATI — Nuova Simulazione di Rischio
B11: A | C11: Vai al foglio Dati_BIA | D11: Seleziona il tab 'Dati_BIA' in basso. È l'unico foglio dove inserire dati manualmente.
B12: B | C12: Aggiorna i Parametri Generali (righe 6–10) | D12: Modifica: descrizione scenario, data, responsabile, valuta, periodo. Questi campi sono descrittivi e non influenzano i calcoli numerici.
B13: C | C13: Modifica i valori Minimi (colonna D) | D13: Inserisci il valore più pessimistico per ogni variabile (worst-case / scenario Low). Per valori monetari usa l'importo in €. Per percentuali usa il numero diretto (es. 3.5 = 3,5%).
B14: D | C14: Modifica i Valori Nominali — Baseline (colonna E) | D14: Inserisci la stima più probabile / valore atteso. ATTENZIONE: questa colonna definisce la baseline. Tutti gli impatti (G, H) si calcolano come deviazione da questo valore.
B15: E | C15: Modifica i Valori Massimi (colonna F) | D15: Inserisci il valore più ottimistico / best-case (scenario High). Deve essere ≥ del valore nominale per le grandezze di costo/perdita.
B16: F | C16: Verifica le colonne G, H, I | D16: Le colonne G (Impatto Min), H (Impatto Max) e I (Ampiezza) si aggiornano automaticamente via formula. Non inserire valori manuali qui — si sovrascriverebbero le formule.
B17: G | C17: Aggiungi nuove variabili (se necessario) | D17: Inserisci nuove righe PRIMA della riga dei totali (riga 26). Copia il formato di una riga esistente. Aggiorna il range nelle formule LARGE() nel foglio Calcoli se superi 12 variabili (es. cambia $I$14:$I$25 in $I$14:$I$27).
B18: H | C18: Visualizza il risultato | D18: Vai al foglio 'Tornado_Chart'. Il grafico si aggiorna in automatico. Se Excel non ricalcola, premi F9 (Windows) o ⌘+= (Mac) per forzare il ricalcolo.
B20: 🔄 NUOVA SIMULAZIONE — Salva e Confronta Scenari
B21: 1 | C21: Salva con nome | D21: Usa 'Salva con nome' (Ctrl+Shift+S) per creare una copia del file per ogni scenario: es. 'Tornado_BIA_Scenario_Siccità.xlsx', 'Tornado_BIA_Scenario_Cyber.xlsx'
B22: 2 | C22: Rinomina lo scenario | D22: Nel foglio Dati_BIA, cella C6, scrivi il nome del nuovo scenario per tenere traccia dell'analisi.
B23: 3 | C23: Reset valori | D23: Sostituisci i valori nelle colonne D, E, F con i nuovi dati di scenario. Non eliminare le formule nelle colonne G, H, I.
B24: 4 | C24: Confronto multi-scenario | D24: Per confrontare scenari diversi, apri i file in parallelo e usa il foglio Calcoli di ciascuno per estrarre i valori della colonna F (Ampiezza). Un grafico di confronto può essere costruito in un foglio Excel separato.
B26: 📊 COME LEGGERE IL TORNADO DIAGRAM
B27: → | C27: Ordine delle barre | D27: La variabile con la MAGGIORE ampiezza di variazione appare in CIMA al grafico. Scendendo verso il basso, l'impatto diminuisce — forma a 'tornado'.
B28: → | C28: Barre rosse (Low / Scenario Pessimistico) | D28: Mostrano l'impatto se la variabile assume il valore MINIMO. Si estendono a sinistra della baseline = impatto negativo (es. downtime maggiore del previsto).
B29: → | C29: Barre teal (High / Scenario Ottimistico) | D29: Mostrano l'impatto se la variabile assume il valore MASSIMO. Si estendono a destra della baseline = impatto positivo (es. costi di recupero contenuti).
B30: → | C30: Ampiezza della barra | D30: Più larga è la barra doppia, maggiore è l'incertezza e la sensibilità dell'impatto totale a quella variabile. Concentrare le azioni di mitigazione sulle variabili in cima al grafico.
B31: → | C31: Livello di Rischio (foglio Calcoli, colonna H) | D31: 🔴 CRITICO = ampiezza ≥50% della baseline | 🟠 ALTO = 20–49% | 🟡 MEDIO = 10–19% | 🟢 BASSO = <10%
B33: ⚠️ LIMITAZIONI E AVVERTENZE
B34: • Il modello assume INDIPENDENZA tra le variabili: non cattura effetti correlati o cascata. Per scenari correlati usare simulazioni Monte Carlo. • Aggiungere o rimuovere variabili richiede l'aggiornamento manuale dei range LARGE() nel foglio Calcoli. • In caso di due variabili con identica ampiezza, MATCH restituisce la prima occorrenza — aggiungere una piccola variazione per distinguerle. • Il grafico openpyxl è compatibile con Excel 2016+ e LibreOffice Calc 7+.

Sheet Dati_BIA
B2: BUSINESS IMPACT ANALYSIS — Dati Variabili di Rischio
B3: Inserisci i valori per ogni variabile di rischio. Il foglio Calcoli aggiornerà automaticamente il Tornado Diagram.
B5: PARAMETRI GENERALI DELLA SIMULAZIONE
B6: Descrizione Scenario | C6: Scenario Base — Interruzione Operativa
B7: Data Analisi | C7: 27/06/2026
B8: Responsabile BIA | C8: Risk Manager
B9: Valuta di riferimento | C9: EUR
B10: Periodo di analisi (giorni) | C10: 30
B12: VARIABILI DI RISCHIO — Valori per Analisi di Sensitività
B13: Variabile di Rischio | C13: Categoria | D13: Valore Minimo (Low) | E13: Valore Nominale (Base) | F13: Valore Massimo (High) | G13: Impatto Min vs Baseline (€) | H13: Impatto Max vs Baseline (€) | I13: Ampiezza Variazione (€) | J13: Note / Assunzioni
B14: Ore di Downtime Sistemi IT | C14: Tecnologia | D14: 4 | E14: 24 | F14: 72 | G14: =D14-E14 -> -20 | H14: =F14-E14 -> 48 | I14: =F14-D14 -> 68 | J14: Basato su RTO aziendale; include ripristino backup
B15: Costo per Ora di Downtime (€) | C15: Tecnologia | D15: 5000 | E15: 15000 | F15: 45000 | G15: =D15-E15 -> -10000 | H15: =F15-E15 -> 30000 | I15: =F15-D15 -> 40000 | J15: Comprende mancato fatturato + costi operativi
B16: Perdita di Ricavi Giornaliera (€) | C16: Finanziario | D16: 10000 | E16: 50000 | F16: 200000 | G16: =D16-E16 -> -40000 | H16: =F16-E16 -> 150000 | I16: =F16-D16 -> 190000 | J16: Stimata su media ricavi ultimi 12 mesi
B17: Costi di Recupero Dati (€) | C17: Tecnologia | D17: 2000 | E17: 20000 | F17: 80000 | G17: =D17-E17 -> -18000 | H17: =F17-E17 -> 60000 | I17: =F17-D17 -> 78000 | J17: Ripristino DB, consulenza specialistica, licenze
B18: Penali Contrattuali (€) | C18: Legale/Contrattuale | D18: 0 | E18: 15000 | F18: 120000 | G18: =D18-E18 -> -15000 | H18: =F18-E18 -> 105000 | I18: =F18-D18 -> 120000 | J18: SLA con clienti enterprise; clausole penali
B19: Costi di Comunicazione Crisi (€) | C19: Reputazione | D19: 1000 | E19: 8000 | F19: 35000 | G19: =D19-E19 -> -7000 | H19: =F19-E19 -> 27000 | I19: =F19-D19 -> 34000 | J19: PR, legale, customer care straordinario
B20: Personale Straordinario (€) | C20: Operativo | D20: 3000 | E20: 12000 | F20: 50000 | G20: =D20-E20 -> -9000 | H20: =F20-E20 -> 38000 | I20: =F20-D20 -> 47000 | J20: Ore extra, consulenti esterni, interim manager
B21: Perdita Clienti Stimata (%) | C21: Commerciale | D21: 0.5 | E21: 3 | F21: 15 | G21: =D21-E21 -> -2.5 | H21: =F21-E21 -> 12 | I21: =F21-D21 -> 14.5 | J21: Churn post-incidente; basato su benchmark settore
B22: Costi Assicurativi Aggiuntivi (€) | C22: Finanziario | D22: 500 | E22: 5000 | F22: 20000 | G22: =D22-E22 -> -4500 | H22: =F22-E22 -> 15000 | I22: =F22-D22 -> 19500 | J22: Premio aggiuntivo post-sinistro
B23: Sanzioni Regolamentari (€) | C23: Compliance | D23: 0 | E23: 25000 | F23: 500000 | G23: =D23-E23 -> -25000 | H23: =F23-E23 -> 475000 | I23: =F23-D23 -> 500000 | J23: GDPR, NIS2, normative settoriali applicabili
B24: Ripristino Infrastruttura Fisica (€) | C24: Operativo | D24: 0 | E24: 30000 | F24: 150000 | G24: =D24-E24 -> -30000 | H24: =F24-E24 -> 120000 | I24: =F24-D24 -> 150000 | J24: Sedi, apparati, magazzino
B25: Costi Legali e Forensi (€) | C25: Legale/Contrattuale | D25: 2000 | E25: 18000 | F25: 90000 | G25: =D25-E25 -> -16000 | H25: =F25-E25 -> 72000 | I25: =F25-D25 -> 88000 | J25: Indagini forensi, assistenza legale, notifiche
B26: TOTALE BASELINE (Valori Nominali) | D26: =SUM(D14:D25) -> 23504.5 | E26: =SUM(E14:E25) -> 198027 | F26: =SUM(F14:F25) -> 1290087 | G26: =SUM(G14:G25) -> -174522.5 | H26: =SUM(H14:H25) -> 1092060 | I26: =SUM(I14:I25) -> 1266582.5

Sheet Calcoli
B2: CALCOLI TORNADO DIAGRAM — Variazione vs Baseline con Ordinamento
B3: Questa tabella usa LARGE/SMALL per ordinare automaticamente le variabili per ampiezza di impatto. Il Tornado Diagram si aggiornerà ad ogni modifica dei Dati_BIA.
B5: BASELINE DI RIFERIMENTO
B6: Baseline Totale (somma valori nominali, €) | F6: =Dati_BIA!E26 -> 198027
B7: Scenario Peggiore — Impatto Massimo (€) | F7: =Dati_BIA!F26 -> 1290087
B8: Scenario Migliore — Impatto Minimo (€) | F8: =Dati_BIA!D26 -> 23504.5
B9: Variazione Massima Totale (€) | F9: =F7-F6 -> 1092060
B10: Variazione Minima Totale (€) | F10: =F8-F6 -> -174522.5
B12: TABELLA ORDINATA PER AMPIEZZA DI VARIAZIONE (usata dal grafico)
B13: Rank | C13: Variabile di Rischio | D13: Impatto MIN vs Baseline (€) | E13: Impatto MAX vs Baseline (€) | F13: Ampiezza Variazione (€) | G13: % su Baseline | H13: Livello di Rischio
B14: 1 | C14: =IFERROR(INDEX(Dati_BIA!$B$14:$B$25,MATCH(LARGE(Dati_BIA!$I$14:$I$25,1),Dati_BIA!$I$14:$I$25,0)),"") -> Sanzioni Regolamentari (€) | D14: =IFERROR(INDEX(Dati_BIA!$G$14:$G$25,MATCH(LARGE(Dati_BIA!$I$14:$I$25,1),Dati_BIA!$I$14:$I$25,0)),0) -> -25000 | E14: =IFERROR(INDEX(Dati_BIA!$H$14:$H$25,MATCH(LARGE(Dati_BIA!$I$14:$I$25,1),Dati_BIA!$I$14:$I$25,0)),0) -> 475000 | F14: =IFERROR(LARGE(Dati_BIA!$I$14:$I$25,1),0) -> 500000 | G14: =IFERROR(F14/Calcoli!$F$6,0) -> 2.5249082 | H14: =IFERROR(IF(G14>=0.5,"🔴 CRITICO",IF(G14>=0.2,"🟠 ALTO",IF(G14>=0.1,"🟡 MEDIO","🟢 BASSO"))),"—") -> 🔴 CRITICO
B15: 2 | C15: =IFERROR(INDEX(Dati_BIA!$B$14:$B$25,MATCH(LARGE(Dati_BIA!$I$14:$I$25,2),Dati_BIA!$I$14:$I$25,0)),"") -> Perdita di Ricavi Giornaliera (€) | D15: =IFERROR(INDEX(Dati_BIA!$G$14:$G$25,MATCH(LARGE(Dati_BIA!$I$14:$I$25,2),Dati_BIA!$I$14:$I$25,0)),0) -> -40000 | E15: =IFERROR(INDEX(Dati_BIA!$H$14:$H$25,MATCH(LARGE(Dati_BIA!$I$14:$I$25,2),Dati_BIA!$I$14:$I$25,0)),0) -> 150000 | F15: =IFERROR(LARGE(Dati_BIA!$I$14:$I$25,2),0) -> 190000 | G15: =IFERROR(F15/Calcoli!$F$6,0) -> 0.95946512 | H15: =IFERROR(IF(G15>=0.5,"🔴 CRITICO",IF(G15>=0.2,"🟠 ALTO",IF(G15>=0.1,"🟡 MEDIO","🟢 BASSO"))),"—") -> 🔴 CRITICO
B16: 3 | C16: =IFERROR(INDEX(Dati_BIA!$B$14:$B$25,MATCH(LARGE(Dati_BIA!$I$14:$I$25,3),Dati_BIA!$I$14:$I$25,0)),"") -> Ripristino Infrastruttura Fisica (€) | D16: =IFERROR(INDEX(Dati_BIA!$G$14:$G$25,MATCH(LARGE(Dati_BIA!$I$14:$I$25,3),Dati_BIA!$I$14:$I$25,0)),0) -> -30000 | E16: =IFERROR(INDEX(Dati_BIA!$H$14:$H$25,MATCH(LARGE(Dati_BIA!$I$14:$I$25,3),Dati_BIA!$I$14:$I$25,0)),0) -> 120000 | F16: =IFERROR(LARGE(Dati_BIA!$I$14:$I$25,3),0) -> 150000 | G16: =IFERROR(F16/Calcoli!$F$6,0) -> 0.75747247 | H16: =IFERROR(IF(G16>=0.5,"🔴 CRITICO",IF(G16>=0.2,"🟠 ALTO",IF(G16>=0.1,"🟡 MEDIO","🟢 BASSO"))),"—") -> 🔴 CRITICO
B17: 4 | C17: =IFERROR(INDEX(Dati_BIA!$B$14:$B$25,MATCH(LARGE(Dati_BIA!$I$14:$I$25,4),Dati_BIA!$I$14:$I$25,0)),"") -> Penali Contrattuali (€) | D17: =IFERROR(INDEX(Dati_BIA!$G$14:$G$25,MATCH(LARGE(Dati_BIA!$I$14:$I$25,4),Dati_BIA!$I$14:$I$25,0)),0) -> -15000 | E17: =IFERROR(INDEX(Dati_BIA!$H$14:$H$25,MATCH(LARGE(Dati_BIA!$I$14:$I$25,4),Dati_BIA!$I$14:$I$25,0)),0) -> 105000 | F17: =IFERROR(LARGE(Dati_BIA!$I$14:$I$25,4),0) -> 120000 | G17: =IFERROR(F17/Calcoli!$F$6,0) -> 0.60597797 | H17: =IFERROR(IF(G17>=0.5,"🔴 CRITICO",IF(G17>=0.2,"🟠 ALTO",IF(G17>=0.1,"🟡 MEDIO","🟢 BASSO"))),"—") -> 🔴 CRITICO
B18: 5 | C18: =IFERROR(INDEX(Dati_BIA!$B$14:$B$25,MATCH(LARGE(Dati_BIA!$I$14:$I$25,5),Dati_BIA!$I$14:$I$25,0)),"") -> Costi Legali e Forensi (€) | D18: =IFERROR(INDEX(Dati_BIA!$G$14:$G$25,MATCH(LARGE(Dati_BIA!$I$14:$I$25,5),Dati_BIA!$I$14:$I$25,0)),0) -> -16000 | E18: =IFERROR(INDEX(Dati_BIA!$H$14:$H$25,MATCH(LARGE(Dati_BIA!$I$14:$I$25,5),Dati_BIA!$I$14:$I$25,0)),0) -> 72000 | F18: =IFERROR(LARGE(Dati_BIA!$I$14:$I$25,5),0) -> 88000 | G18: =IFERROR(F18/Calcoli!$F$6,0) -> 0.44438385 | H18: =IFERROR(IF(G18>=0.5,"🔴 CRITICO",IF(G18>=0.2,"🟠 ALTO",IF(G18>=0.1,"🟡 MEDIO","🟢 BASSO"))),"—") -> 🟠 ALTO
B19: 6 | C19: =IFERROR(INDEX(Dati_BIA!$B$14:$B$25,MATCH(LARGE(Dati_BIA!$I$14:$I$25,6),Dati_BIA!$I$14:$I$25,0)),"") -> Costi di Recupero Dati (€) | D19: =IFERROR(INDEX(Dati_BIA!$G$14:$G$25,MATCH(LARGE(Dati_BIA!$I$14:$I$25,6),Dati_BIA!$I$14:$I$25,0)),0) -> -18000 | E19: =IFERROR(INDEX(Dati_BIA!$H$14:$H$25,MATCH(LARGE(Dati_BIA!$I$14:$I$25,6),Dati_BIA!$I$14:$I$25,0)),0) -> 60000 | F19: =IFERROR(LARGE(Dati_BIA!$I$14:$I$25,6),0) -> 78000 | G19: =IFERROR(F19/Calcoli!$F$6,0) -> 0.39388568 | H19: =IFERROR(IF(G19>=0.5,"🔴 CRITICO",IF(G19>=0.2,"🟠 ALTO",IF(G19>=0.1,"🟡 MEDIO","🟢 BASSO"))),"—") -> 🟠 ALTO
B20: 7 | C20: =IFERROR(INDEX(Dati_BIA!$B$14:$B$25,MATCH(LARGE(Dati_BIA!$I$14:$I$25,7),Dati_BIA!$I$14:$I$25,0)),"") -> Personale Straordinario (€) | D20: =IFERROR(INDEX(Dati_BIA!$G$14:$G$25,MATCH(LARGE(Dati_BIA!$I$14:$I$25,7),Dati_BIA!$I$14:$I$25,0)),0) -> -9000 | E20: =IFERROR(INDEX(Dati_BIA!$H$14:$H$25,MATCH(LARGE(Dati_BIA!$I$14:$I$25,7),Dati_BIA!$I$14:$I$25,0)),0) -> 38000 | F20: =IFERROR(LARGE(Dati_BIA!$I$14:$I$25,7),0) -> 47000 | G20: =IFERROR(F20/Calcoli!$F$6,0) -> 0.23734137 | H20: =IFERROR(IF(G20>=0.5,"🔴 CRITICO",IF(G20>=0.2,"🟠 ALTO",IF(G20>=0.1,"🟡 MEDIO","🟢 BASSO"))),"—") -> 🟠 ALTO
B21: 8 | C21: =IFERROR(INDEX(Dati_BIA!$B$14:$B$25,MATCH(LARGE(Dati_BIA!$I$14:$I$25,8),Dati_BIA!$I$14:$I$25,0)),"") -> Costo per Ora di Downtime (€) | D21: =IFERROR(INDEX(Dati_BIA!$G$14:$G$25,MATCH(LARGE(Dati_BIA!$I$14:$I$25,8),Dati_BIA!$I$14:$I$25,0)),0) -> -10000 | E21: =IFERROR(INDEX(Dati_BIA!$H$14:$H$25,MATCH(LARGE(Dati_BIA!$I$14:$I$25,8),Dati_BIA!$I$14:$I$25,0)),0) -> 30000 | F21: =IFERROR(LARGE(Dati_BIA!$I$14:$I$25,8),0) -> 40000 | G21: =IFERROR(F21/Calcoli!$F$6,0) -> 0.20199266 | H21: =IFERROR(IF(G21>=0.5,"🔴 CRITICO",IF(G21>=0.2,"🟠 ALTO",IF(G21>=0.1,"🟡 MEDIO","🟢 BASSO"))),"—") -> 🟠 ALTO
B22: 9 | C22: =IFERROR(INDEX(Dati_BIA!$B$14:$B$25,MATCH(LARGE(Dati_BIA!$I$14:$I$25,9),Dati_BIA!$I$14:$I$25,0)),"") -> Costi di Comunicazione Crisi (€) | D22: =IFERROR(INDEX(Dati_BIA!$G$14:$G$25,MATCH(LARGE(Dati_BIA!$I$14:$I$25,9),Dati_BIA!$I$14:$I$25,0)),0) -> -7000 | E22: =IFERROR(INDEX(Dati_BIA!$H$14:$H$25,MATCH(LARGE(Dati_BIA!$I$14:$I$25,9),Dati_BIA!$I$14:$I$25,0)),0) -> 27000 | F22: =IFERROR(LARGE(Dati_BIA!$I$14:$I$25,9),0) -> 34000 | G22: =IFERROR(F22/Calcoli!$F$6,0) -> 0.17169376 | H22: =IFERROR(IF(G22>=0.5,"🔴 CRITICO",IF(G22>=0.2,"🟠 ALTO",IF(G22>=0.1,"🟡 MEDIO","🟢 BASSO"))),"—") -> 🟡 MEDIO
B23: 10 | C23: =IFERROR(INDEX(Dati_BIA!$B$14:$B$25,MATCH(LARGE(Dati_BIA!$I$14:$I$25,10),Dati_BIA!$I$14:$I$25,0)),"") -> Costi Assicurativi Aggiuntivi (€) | D23: =IFERROR(INDEX(Dati_BIA!$G$14:$G$25,MATCH(LARGE(Dati_BIA!$I$14:$I$25,10),Dati_BIA!$I$14:$I$25,0)),0) -> -4500 | E23: =IFERROR(INDEX(Dati_BIA!$H$14:$H$25,MATCH(LARGE(Dati_BIA!$I$14:$I$25,10),Dati_BIA!$I$14:$I$25,0)),0) -> 15000 | F23: =IFERROR(LARGE(Dati_BIA!$I$14:$I$25,10),0) -> 19500 | G23: =IFERROR(F23/Calcoli!$F$6,0) -> 0.098471421 | H23: =IFERROR(IF(G23>=0.5,"🔴 CRITICO",IF(G23>=0.2,"🟠 ALTO",IF(G23>=0.1,"🟡 MEDIO","🟢 BASSO"))),"—") -> 🟢 BASSO
B24: 11 | C24: =IFERROR(INDEX(Dati_BIA!$B$14:$B$25,MATCH(LARGE(Dati_BIA!$I$14:$I$25,11),Dati_BIA!$I$14:$I$25,0)),"") -> Ore di Downtime Sistemi IT | D24: =IFERROR(INDEX(Dati_BIA!$G$14:$G$25,MATCH(LARGE(Dati_BIA!$I$14:$I$25,11),Dati_BIA!$I$14:$I$25,0)),0) -> -20 | E24: =IFERROR(INDEX(Dati_BIA!$H$14:$H$25,MATCH(LARGE(Dati_BIA!$I$14:$I$25,11),Dati_BIA!$I$14:$I$25,0)),0) -> 48 | F24: =IFERROR(LARGE(Dati_BIA!$I$14:$I$25,11),0) -> 68 | G24: =IFERROR(F24/Calcoli!$F$6,0) -> 0.00034338752 | H24: =IFERROR(IF(G24>=0.5,"🔴 CRITICO",IF(G24>=0.2,"🟠 ALTO",IF(G24>=0.1,"🟡 MEDIO","🟢 BASSO"))),"—") -> 🟢 BASSO
B25: 12 | C25: =IFERROR(INDEX(Dati_BIA!$B$14:$B$25,MATCH(LARGE(Dati_BIA!$I$14:$I$25,12),Dati_BIA!$I$14:$I$25,0)),"") -> Perdita Clienti Stimata (%) | D25: =IFERROR(INDEX(Dati_BIA!$G$14:$G$25,MATCH(LARGE(Dati_BIA!$I$14:$I$25,12),Dati_BIA!$I$14:$I$25,0)),0) -> -2.5 | E25: =IFERROR(INDEX(Dati_BIA!$H$14:$H$25,MATCH(LARGE(Dati_BIA!$I$14:$I$25,12),Dati_BIA!$I$14:$I$25,0)),0) -> 12 | F25: =IFERROR(LARGE(Dati_BIA!$I$14:$I$25,12),0) -> 14.5 | G25: =IFERROR(F25/Calcoli!$F$6,0) -> 7.3222338e-05 | H25: =IFERROR(IF(G25>=0.5,"🔴 CRITICO",IF(G25>=0.2,"🟠 ALTO",IF(G25>=0.1,"🟡 MEDIO","🟢 BASSO"))),"—") -> 🟢 BASSO
B27: NOTE METODOLOGICHE
B28: • L'ordinamento usa LARGE() sulla colonna Ampiezza (I) del foglio Dati_BIA: le variabili con maggiore swing appaiono in cima al grafico. • In caso di valori identici, MATCH recupera la prima occorrenza — inserire variabili con ampiezza diversa per evitare duplicati. • La colonna G (% su Baseline) normalizza l'ampiezza rispetto al totale baseline; utile per confronti inter-simulazione. • Il Livello di Rischio è calcolato automaticamente: ≥50% Critico | 20–49% Alto | 10–19% Medio | <10% Basso.

Sheet Tornado_Chart
B2: TORNADO DIAGRAM — Business Impact Analysis
B3: Grafico a barre speculare. Le variabili sono ordinate per ampiezza di impatto (maggiore in alto). Barre sinistre = scenario pessimistico (Low), barre destre = scenario ottimistico (High).
B5: DATI GRAFICO (aggiornamento automatico da Calcoli)
B6: Variabile (ordinata per impatto) | C6: Low: Impatto Min vs Baseline (€) | D6: High: Impatto Max vs Baseline (€) | E6: Ampiezza (€) | F6: Baseline (€) | G6: % Impatto
B7: =IFERROR(Calcoli!C14,"") -> Sanzioni Regolamentari (€) | C7: =IFERROR(Calcoli!D14,0) -> -25000 | D7: =IFERROR(Calcoli!E14,0) -> 475000 | E7: =IFERROR(Calcoli!F14,0) -> 500000 | F7: =IFERROR(INDEX(Dati_BIA!$E$14:$E$25,MATCH(Calcoli!C14,Dati_BIA!$B$14:$B$25,0)),0) -> 25000 | G7: =IFERROR(Calcoli!G14,0) -> 2.5249082
B8: =IFERROR(Calcoli!C15,"") -> Perdita di Ricavi Giornaliera (€) | C8: =IFERROR(Calcoli!D15,0) -> -40000 | D8: =IFERROR(Calcoli!E15,0) -> 150000 | E8: =IFERROR(Calcoli!F15,0) -> 190000 | F8: =IFERROR(INDEX(Dati_BIA!$E$14:$E$25,MATCH(Calcoli!C15,Dati_BIA!$B$14:$B$25,0)),0) -> 50000 | G8: =IFERROR(Calcoli!G15,0) -> 0.95946512
B9: =IFERROR(Calcoli!C16,"") -> Ripristino Infrastruttura Fisica (€) | C9: =IFERROR(Calcoli!D16,0) -> -30000 | D9: =IFERROR(Calcoli!E16,0) -> 120000 | E9: =IFERROR(Calcoli!F16,0) -> 150000 | F9: =IFERROR(INDEX(Dati_BIA!$E$14:$E$25,MATCH(Calcoli!C16,Dati_BIA!$B$14:$B$25,0)),0) -> 30000 | G9: =IFERROR(Calcoli!G16,0) -> 0.75747247
B10: =IFERROR(Calcoli!C17,"") -> Penali Contrattuali (€) | C10: =IFERROR(Calcoli!D17,0) -> -15000 | D10: =IFERROR(Calcoli!E17,0) -> 105000 | E10: =IFERROR(Calcoli!F17,0) -> 120000 | F10: =IFERROR(INDEX(Dati_BIA!$E$14:$E$25,MATCH(Calcoli!C17,Dati_BIA!$B$14:$B$25,0)),0) -> 15000 | G10: =IFERROR(Calcoli!G17,0) -> 0.60597797
B11: =IFERROR(Calcoli!C18,"") -> Costi Legali e Forensi (€) | C11: =IFERROR(Calcoli!D18,0) -> -16000 | D11: =IFERROR(Calcoli!E18,0) -> 72000 | E11: =IFERROR(Calcoli!F18,0) -> 88000 | F11: =IFERROR(INDEX(Dati_BIA!$E$14:$E$25,MATCH(Calcoli!C18,Dati_BIA!$B$14:$B$25,0)),0) -> 18000 | G11: =IFERROR(Calcoli!G18,0) -> 0.44438385
B12: =IFERROR(Calcoli!C19,"") -> Costi di Recupero Dati (€) | C12: =IFERROR(Calcoli!D19,0) -> -18000 | D12: =IFERROR(Calcoli!E19,0) -> 60000 | E12: =IFERROR(Calcoli!F19,0) -> 78000 | F12: =IFERROR(INDEX(Dati_BIA!$E$14:$E$25,MATCH(Calcoli!C19,Dati_BIA!$B$14:$B$25,0)),0) -> 20000 | G12: =IFERROR(Calcoli!G19,0) -> 0.39388568
B13: =IFERROR(Calcoli!C20,"") -> Personale Straordinario (€) | C13: =IFERROR(Calcoli!D20,0) -> -9000 | D13: =IFERROR(Calcoli!E20,0) -> 38000 | E13: =IFERROR(Calcoli!F20,0) -> 47000 | F13: =IFERROR(INDEX(Dati_BIA!$E$14:$E$25,MATCH(Calcoli!C20,Dati_BIA!$B$14:$B$25,0)),0) -> 12000 | G13: =IFERROR(Calcoli!G20,0) -> 0.23734137
B14: =IFERROR(Calcoli!C21,"") -> Costo per Ora di Downtime (€) | C14: =IFERROR(Calcoli!D21,0) -> -10000 | D14: =IFERROR(Calcoli!E21,0) -> 30000 | E14: =IFERROR(Calcoli!F21,0) -> 40000 | F14: =IFERROR(INDEX(Dati_BIA!$E$14:$E$25,MATCH(Calcoli!C21,Dati_BIA!$B$14:$B$25,0)),0) -> 15000 | G14: =IFERROR(Calcoli!G21,0) -> 0.20199266
B15: =IFERROR(Calcoli!C22,"") -> Costi di Comunicazione Crisi (€) | C15: =IFERROR(Calcoli!D22,0) -> -7000 | D15: =IFERROR(Calcoli!E22,0) -> 27000 | E15: =IFERROR(Calcoli!F22,0) -> 34000 | F15: =IFERROR(INDEX(Dati_BIA!$E$14:$E$25,MATCH(Calcoli!C22,Dati_BIA!$B$14:$B$25,0)),0) -> 8000 | G15: =IFERROR(Calcoli!G22,0) -> 0.17169376
B16: =IFERROR(Calcoli!C23,"") -> Costi Assicurativi Aggiuntivi (€) | C16: =IFERROR(Calcoli!D23,0) -> -4500 | D16: =IFERROR(Calcoli!E23,0) -> 15000 | E16: =IFERROR(Calcoli!F23,0) -> 19500 | F16: =IFERROR(INDEX(Dati_BIA!$E$14:$E$25,MATCH(Calcoli!C23,Dati_BIA!$B$14:$B$25,0)),0) -> 5000 | G16: =IFERROR(Calcoli!G23,0) -> 0.098471421
B17: =IFERROR(Calcoli!C24,"") -> Ore di Downtime Sistemi IT | C17: =IFERROR(Calcoli!D24,0) -> -20 | D17: =IFERROR(Calcoli!E24,0) -> 48 | E17: =IFERROR(Calcoli!F24,0) -> 68 | F17: =IFERROR(INDEX(Dati_BIA!$E$14:$E$25,MATCH(Calcoli!C24,Dati_BIA!$B$14:$B$25,0)),0) -> 24 | G17: =IFERROR(Calcoli!G24,0) -> 0.00034338752
B18: =IFERROR(Calcoli!C25,"") -> Perdita Clienti Stimata (%) | C18: =IFERROR(Calcoli!D25,0) -> -2.5 | D18: =IFERROR(Calcoli!E25,0) -> 12 | E18: =IFERROR(Calcoli!F25,0) -> 14.5 | F18: =IFERROR(INDEX(Dati_BIA!$E$14:$E$25,MATCH(Calcoli!C25,Dati_BIA!$B$14:$B$25,0)),0) -> 3 | G18: =IFERROR(Calcoli!G25,0) -> 7.3222338e-05
B19: ⚡ Baseline Totale: =Calcoli!F6 | Max Impatto Positivo: =Calcoli!F7 | Max Impatto Negativo: =Calcoli!F8 — aggiornamento automatico dal foglio Dati_BIA
B20: 🔴 Barre rosse (Low) = impatto negativo rispetto alla baseline | 🟦 Barre teal (High) = impatto positivo rispetto alla baseline | Ordinamento: maggiore ampiezza in cima
